{
    "root_group": {
        "name": "",
        "path": "",
        "id": "d41d8cd98f00b204e9800998ecf8427e",
        "groups": {},
        "checks": {
                "status is 200": {
                    "id": "6210a8cd14cd70477eba5c5e4cb3fb5f",
                    "passes": 339428,
                    "fails": 0,
                    "name": "status is 200",
                    "path": "::status is 200"
                },
                "processed_name present": {
                    "passes": 339428,
                    "fails": 0,
                    "name": "processed_name present",
                    "path": "::processed_name present",
                    "id": "03a22013f2c2759212cd593a9af6b0a0"
                }
            }
    },
    "metrics": {
        "http_req_blocked": {
            "max": 61.116,
            "p(90)": 0.002,
            "p(95)": 0.003,
            "p(99)": 0.382,
            "avg": 0.021584132717500766,
            "min": 0,
            "med": 0.001
        },
        "http_req_connecting": {
            "p(99)": 0.292,
            "avg": 0.018912859280907905,
            "min": 0,
            "med": 0,
            "max": 61.078,
            "p(90)": 0,
            "p(95)": 0
        },
        "http_req_tls_handshaking": {
            "max": 0,
            "p(90)": 0,
            "p(95)": 0,
            "p(99)": 0,
            "avg": 0,
            "min": 0,
            "med": 0
        },
        "data_sent": {
            "count": 76633658,
            "rate": 364915.6593882396
        },
        "http_req_failed": {
            "passes": 0,
            "fails": 339428,
            "thresholds": {
                "rate<0.01": false
            },
            "value": 0
        },
        "http_req_duration": {
            "max": 494.667,
            "p(90)": 99.27,
            "p(95)": 103.543,
            "p(99)": 119.40245999999999,
            "avg": 48.520054276606636,
            "min": 0.592,
            "med": 16.586,
            "thresholds": {
                "p(99)<2000": false
            }
        },
        "iterations": {
            "count": 339428,
            "rate": 1616.2949240245246
        },
        "checks": {
            "passes": 678856,
            "fails": 0,
            "value": 1
        },
        "iteration_duration": {
            "min": 0.62475,
            "med": 16.7417085,
            "max": 494.92975,
            "p(90)": 99.4343418,
            "p(95)": 103.72483759999999,
            "p(99)": 119.58807682,
            "avg": 48.659479753073335
        },
        "http_reqs": {
            "count": 339428,
            "rate": 1616.2949240245246
        },
        "http_req_receiving": {
            "p(90)": 0.051,
            "p(95)": 0.111,
            "p(99)": 1.625,
            "avg": 0.2540561238318186,
            "min": 0.004,
            "med": 0.019,
            "max": 176.87
        },
        "data_received": {
            "rate": 427629.2719397258,
            "count": 89803752
        },
        "http_req_sending": {
            "avg": 0.01404544410006146,
            "min": 0.001,
            "med": 0.008,
            "max": 19.674,
            "p(90)": 0.015,
            "p(95)": 0.023,
            "p(99)": 0.099
        },
        "http_req_waiting": {
            "avg": 48.251952708674516,
            "min": 0.571,
            "med": 16.1785,
            "max": 494.642,
            "p(90)": 99.135,
            "p(95)": 103.385,
            "p(99)": 118.84364999999998
        },
        "http_req_duration{expected_response:true}": {
            "med": 16.586,
            "max": 494.667,
            "p(90)": 99.27,
            "p(95)": 103.543,
            "p(99)": 119.40245999999999,
            "avg": 48.520054276606636,
            "min": 0.592
        },
        "vus": {
            "value": 1,
            "min": 1,
            "max": 100
        },
        "vus_max": {
            "value": 100,
            "min": 100,
            "max": 100
        }
    }
}