{
    "metrics": {
        "http_req_waiting": {
            "p(95)": 106.116,
            "p(99)": 179.41959999999995,
            "avg": 60.83121760911474,
            "min": 0.539,
            "med": 86.079,
            "max": 701.948,
            "p(90)": 102.379
        },
        "http_req_receiving": {
            "p(95)": 0.094,
            "p(99)": 2.300399999999995,
            "avg": 0.37003644891384696,
            "min": 0.004,
            "med": 0.011,
            "max": 402.767,
            "p(90)": 0.047
        },
        "data_sent": {
            "count": 60756072,
            "rate": 289368.3298216658
        },
        "iterations": {
            "count": 269281,
            "rate": 1282.5284890489297
        },
        "http_req_duration": {
            "avg": 61.212688466694395,
            "min": 0.553,
            "med": 86.334,
            "max": 702.107,
            "p(90)": 102.503,
            "p(95)": 106.304,
            "p(99)": 182.593,
            "thresholds": {
                "p(99)<2000": false
            }
        },
        "http_reqs": {
            "count": 269281,
            "rate": 1282.5284890489297
        },
        "http_req_tls_handshaking": {
            "p(95)": 0,
            "p(99)": 0,
            "avg": 0,
            "min": 0,
            "med": 0,
            "max": 0,
            "p(90)": 0
        },
        "http_req_sending": {
            "med": 0.004,
            "max": 42.716,
            "p(90)": 0.013,
            "p(95)": 0.02,
            "p(99)": 0.066,
            "avg": 0.011434408666042006,
            "min": 0.001
        },
        "vus": {
            "min": 1,
            "max": 100,
            "value": 1
        },
        "http_req_failed": {
            "passes": 0,
            "fails": 269281,
            "thresholds": {
                "rate<0.01": false
            },
            "value": 0
        },
        "http_req_connecting": {
            "min": 0,
            "med": 0,
            "max": 53.294,
            "p(90)": 0,
            "p(95)": 0,
            "p(99)": 0.245,
            "avg": 0.019526037856365697
        },
        "http_req_blocked": {
            "max": 53.351,
            "p(90)": 0.002,
            "p(95)": 0.003,
            "p(99)": 0.33,
            "avg": 0.021691608394289352,
            "min": 0,
            "med": 0.001
        },
        "iteration_duration": {
            "avg": 61.33456178365074,
            "min": 0.581666,
            "med": 86.448042,
            "max": 702.131709,
            "p(90)": 102.603584,
            "p(95)": 106.417791,
            "p(99)": 182.67914139999993
        },
        "data_received": {
            "count": 71224634,
            "rate": 339227.87804220506
        },
        "vus_max": {
            "value": 100,
            "min": 100,
            "max": 100
        },
        "http_req_duration{expected_response:true}": {
            "max": 702.107,
            "p(90)": 102.503,
            "p(95)": 106.304,
            "p(99)": 182.593,
            "avg": 61.212688466694395,
            "min": 0.553,
            "med": 86.334
        },
        "checks": {
            "passes": 538562,
            "fails": 0,
            "value": 1
        }
    },
    "root_group": {
        "path": "",
        "id": "d41d8cd98f00b204e9800998ecf8427e",
        "groups": {},
        "checks": {
                "status is 200": {
                    "name": "status is 200",
                    "path": "::status is 200",
                    "id": "6210a8cd14cd70477eba5c5e4cb3fb5f",
                    "passes": 269281,
                    "fails": 0
                },
                "processed_name present": {
                    "name": "processed_name present",
                    "path": "::processed_name present",
                    "id": "03a22013f2c2759212cd593a9af6b0a0",
                    "passes": 269281,
                    "fails": 0
                }
            },
        "name": ""
    }
}