{
    "root_group": {
        "name": "",
        "path": "",
        "id": "d41d8cd98f00b204e9800998ecf8427e",
        "groups": {},
        "checks": {
                "status is 200": {
                    "fails": 0,
                    "name": "status is 200",
                    "path": "::status is 200",
                    "id": "6210a8cd14cd70477eba5c5e4cb3fb5f",
                    "passes": 299228
                },
                "processed_name present": {
                    "name": "processed_name present",
                    "path": "::processed_name present",
                    "id": "03a22013f2c2759212cd593a9af6b0a0",
                    "passes": 299228,
                    "fails": 0
                }
            }
    },
    "metrics": {
        "http_req_blocked": {
            "avg": 0.025301121552877993,
            "min": 0,
            "med": 0.001,
            "max": 73.507,
            "p(90)": 0.002,
            "p(95)": 0.003,
            "p(99)": 0.3154599999999947
        },
        "iterations": {
            "count": 299228,
            "rate": 1423.9069517435978
        },
        "vus": {
            "max": 100,
            "value": 1,
            "min": 1
        },
        "http_req_failed": {
            "passes": 0,
            "fails": 299228,
            "thresholds": {
                "rate<0.01": false
            },
            "value": 0
        },
        "data_received": {
            "count": 79155943,
            "rate": 376671.6266844011
        },
        "http_req_duration": {
            "min": 0.589,
            "med": 78.4465,
            "max": 314.281,
            "p(90)": 100.572,
            "p(95)": 104.56664999999998,
            "p(99)": 134.10938,
            "avg": 55.1153247256274,
            "thresholds": {
                "p(99)<2000": false
            }
        },
        "http_req_tls_handshaking": {
            "avg": 0,
            "min": 0,
            "med": 0,
            "max": 0,
            "p(90)": 0,
            "p(95)": 0,
            "p(99)": 0
        },
        "checks": {
            "passes": 598456,
            "fails": 0,
            "value": 1
        },
        "data_sent": {
            "rate": 321366.0219849124,
            "count": 67533705
        },
        "iteration_duration": {
            "max": 314.327708,
            "p(90)": 100.6788421,
            "p(95)": 104.68865055,
            "p(99)": 134.08397190999997,
            "avg": 55.19510477440569,
            "min": 0.6145,
            "med": 78.5414165
        },
        "vus_max": {
            "value": 100,
            "min": 100,
            "max": 100
        },
        "http_req_duration{expected_response:true}": {
            "p(90)": 100.572,
            "p(95)": 104.56664999999998,
            "p(99)": 134.10938,
            "avg": 55.1153247256274,
            "min": 0.589,
            "med": 78.4465,
            "max": 314.281
        },
        "http_req_waiting": {
            "p(95)": 104.42029999999998,
            "p(99)": 133.11838,
            "avg": 54.80861417714813,
            "min": 0.553,
            "med": 77.9045,
            "max": 314.259,
            "p(90)": 100.459
        },
        "http_req_receiving": {
            "min": 0.005,
            "med": 0.011,
            "max": 192.147,
            "p(90)": 0.042,
            "p(95)": 0.075,
            "p(99)": 1.2237299999999973,
            "avg": 0.2994235365673499
        },
        "http_req_connecting": {
            "p(99)": 0.27672999999999737,
            "avg": 0.023751289986231282,
            "min": 0,
            "med": 0,
            "max": 73.469,
            "p(90)": 0,
            "p(95)": 0
        },
        "http_req_sending": {
            "max": 7.007,
            "p(90)": 0.013,
            "p(95)": 0.017,
            "p(99)": 0.045,
            "avg": 0.007287011910639756,
            "min": 0.002,
            "med": 0.004
        },
        "http_reqs": {
            "count": 299228,
            "rate": 1423.9069517435978
        }
    }
}