{
  "samples": 54,
  "cpu_avg": 99.29333333333334,
  "cpu_max": 108.57,
  "mem_avg_mib": 588.1870370370367,
  "mem_max_mib": 592.2
}
