{
    "metrics": {
        "http_req_duration{expected_response:true}": {
            "p(90)": 78.576,
            "p(95)": 88.845,
            "p(99)": 125.34707999999998,
            "avg": 28.89281718690464,
            "min": 0.532,
            "med": 11.879,
            "max": 620.452
        },
        "vus": {
            "value": 1,
            "min": 1,
            "max": 100
        },
        "vus_max": {
            "value": 100,
            "min": 100,
            "max": 100
        },
        "data_sent": {
            "count": 73265931,
            "rate": 348871.05542036163
        },
        "iterations": {
            "rate": 2713.693293722135,
            "count": 569899
        },
        "http_req_blocked": {
            "p(99)": 0.21601999999999494,
            "avg": 0.028177357742446438,
            "min": 0,
            "med": 0.001,
            "max": 108.298,
            "p(90)": 0.002,
            "p(95)": 0.003
        },
        "http_reqs": {
            "count": 569899,
            "rate": 2713.693293722135
        },
        "http_req_connecting": {
            "med": 0,
            "max": 108.252,
            "p(90)": 0,
            "p(95)": 0,
            "p(99)": 0.16801999999999495,
            "avg": 0.02670943974283168,
            "min": 0
        },
        "http_req_duration": {
            "p(99)": 125.34707999999998,
            "avg": 28.89281718690464,
            "min": 0.532,
            "med": 11.879,
            "max": 620.452,
            "p(90)": 78.576,
            "p(95)": 88.845,
            "thresholds": {
                "p(99)<1000": false
            }
        },
        "http_req_tls_handshaking": {
            "min": 0,
            "med": 0,
            "max": 0,
            "p(90)": 0,
            "p(95)": 0,
            "p(99)": 0,
            "avg": 0
        },
        "data_received": {
            "count": 170256244,
            "rate": 810710.7181397397
        },
        "http_req_sending": {
            "p(95)": 0.013,
            "p(99)": 0.031,
            "avg": 0.005511439746340747,
            "min": 0.001,
            "med": 0.003,
            "max": 22.269,
            "p(90)": 0.009
        },
        "http_req_waiting": {
            "p(99)": 124.748,
            "avg": 28.76418199365068,
            "min": 0.51,
            "med": 11.82,
            "max": 620.439,
            "p(90)": 78.4452,
            "p(95)": 88.674
        },
        "checks": {
            "passes": 1139798,
            "fails": 0,
            "value": 1
        },
        "iteration_duration": {
            "p(90)": 78.6778078,
            "p(95)": 88.95734099999999,
            "p(99)": 125.46575416,
            "avg": 28.97754286088777,
            "min": 0.558959,
            "med": 11.944583,
            "max": 620.481625
        },
        "http_req_failed": {
            "passes": 0,
            "fails": 569899,
            "thresholds": {
                "rate<0.01": false
            },
            "value": 0
        },
        "http_req_receiving": {
            "p(90)": 0.043,
            "p(95)": 0.087,
            "p(99)": 1.135019999999995,
            "avg": 0.1231237535071559,
            "min": 0.004,
            "med": 0.01,
            "max": 399.956
        }
    },
    "root_group": {
        "name": "",
        "path": "",
        "id": "d41d8cd98f00b204e9800998ecf8427e",
        "groups": {},
        "checks": {
                "status is 200": {
                    "id": "6210a8cd14cd70477eba5c5e4cb3fb5f",
                    "passes": 569899,
                    "fails": 0,
                    "name": "status is 200",
                    "path": "::status is 200"
                },
                "user id is 10": {
                    "fails": 0,
                    "name": "user id is 10",
                    "path": "::user id is 10",
                    "id": "2beb7b64808ff39ee6fe91e77ced8a64",
                    "passes": 569899
                }
            }
    }
}