{
    "metrics": {
        "vus_max": {
            "value": 100,
            "min": 100,
            "max": 100
        },
        "http_req_duration": {
            "p(99)": 95.09517,
            "avg": 25.36776045045808,
            "min": 0.436,
            "med": 10.27,
            "max": 399.154,
            "p(90)": 75.697,
            "p(95)": 81.765,
            "thresholds": {
                "p(99)<1000": false
            }
        },
        "http_req_connecting": {
            "avg": 0.01987089721608922,
            "min": 0,
            "med": 0,
            "max": 22.272,
            "p(90)": 0,
            "p(95)": 0,
            "p(99)": 0.15716999999999423
        },
        "http_req_blocked": {
            "p(99)": 0.24116999999999422,
            "avg": 0.02176156519444605,
            "min": 0,
            "med": 0.001,
            "max": 31.887,
            "p(90)": 0.002,
            "p(95)": 0.003
        },
        "iterations": {
            "count": 648584,
            "rate": 3088.4377784457124
        },
        "http_req_tls_handshaking": {
            "avg": 0,
            "min": 0,
            "med": 0,
            "max": 0,
            "p(90)": 0,
            "p(95)": 0,
            "p(99)": 0
        },
        "http_req_receiving": {
            "min": 0.005,
            "med": 0.013,
            "max": 163.343,
            "p(90)": 0.049,
            "p(95)": 0.122,
            "p(99)": 1.224,
            "avg": 0.11154455089854437
        },
        "data_sent": {
            "count": 83398765,
            "rate": 397129.5876890519
        },
        "http_req_failed": {
            "passes": 0,
            "fails": 648584,
            "thresholds": {
                "rate<0.01": false
            },
            "value": 0
        },
        "data_received": {
            "count": 193780367,
            "rate": 922746.4849023023
        },
        "http_req_sending": {
            "p(90)": 0.01,
            "p(95)": 0.014,
            "p(99)": 0.041,
            "avg": 0.0076043257311456764,
            "min": 0.001,
            "med": 0.004,
            "max": 18.758
        },
        "http_reqs": {
            "count": 648584,
            "rate": 3088.4377784457124
        },
        "http_req_duration{expected_response:true}": {
            "p(90)": 75.697,
            "p(95)": 81.765,
            "p(99)": 95.09517,
            "avg": 25.36776045045808,
            "min": 0.436,
            "med": 10.27,
            "max": 399.154
        },
        "checks": {
            "passes": 1297168,
            "fails": 0,
            "value": 1
        },
        "http_req_waiting": {
            "avg": 25.248611573828963,
            "min": 0.422,
            "med": 10.206,
            "max": 399.132,
            "p(90)": 75.579,
            "p(95)": 81.63084999999997,
            "p(99)": 94.89034
        },
        "vus": {
            "value": 1,
            "min": 1,
            "max": 100
        },
        "iteration_duration": {
            "med": 10.339125,
            "max": 399.206375,
            "p(90)": 75.80800380000001,
            "p(95)": 81.900208,
            "p(99)": 95.24526346999998,
            "avg": 25.4616417518847,
            "min": 0.464667
        }
    },
    "root_group": {
        "name": "",
        "path": "",
        "id": "d41d8cd98f00b204e9800998ecf8427e",
        "groups": {},
        "checks": {
                "status is 200": {
                    "name": "status is 200",
                    "path": "::status is 200",
                    "id": "6210a8cd14cd70477eba5c5e4cb3fb5f",
                    "passes": 648584,
                    "fails": 0
                },
                "user id is 10": {
                    "name": "user id is 10",
                    "path": "::user id is 10",
                    "id": "2beb7b64808ff39ee6fe91e77ced8a64",
                    "passes": 648584,
                    "fails": 0
                }
            }
    }
}