{
    "root_group": {
        "groups": {},
        "checks": {
                "status is 200": {
                    "name": "status is 200",
                    "path": "::status is 200",
                    "id": "6210a8cd14cd70477eba5c5e4cb3fb5f",
                    "passes": 584076,
                    "fails": 0
                },
                "user id is 10": {
                    "passes": 584076,
                    "fails": 0,
                    "name": "user id is 10",
                    "path": "::user id is 10",
                    "id": "2beb7b64808ff39ee6fe91e77ced8a64"
                }
            },
        "name": "",
        "path": "",
        "id": "d41d8cd98f00b204e9800998ecf8427e"
    },
    "metrics": {
        "http_req_duration{expected_response:true}": {
            "p(90)": 76.912,
            "p(95)": 84.073,
            "p(99)": 101.82874999999999,
            "avg": 28.19529219313995,
            "min": 0.441,
            "med": 12.037,
            "max": 492.2
        },
        "iteration_duration": {
            "p(90)": 77.000875,
            "p(95)": 84.18103124999999,
            "p(99)": 101.93992699999998,
            "avg": 28.272696641000763,
            "min": 0.468625,
            "med": 12.100875,
            "max": 492.272583
        },
        "http_req_duration": {
            "p(99)": 101.82874999999999,
            "avg": 28.19529219313995,
            "min": 0.441,
            "med": 12.037,
            "max": 492.2,
            "p(90)": 76.912,
            "p(95)": 84.073,
            "thresholds": {
                "p(99)<1000": false
            }
        },
        "vus_max": {
            "value": 100,
            "min": 100,
            "max": 100
        },
        "http_req_connecting": {
            "min": 0,
            "med": 0,
            "max": 62.948,
            "p(90)": 0,
            "p(95)": 0,
            "p(99)": 0.23124999999999482,
            "avg": 0.017756428957875374
        },
        "iterations": {
            "count": 584076,
            "rate": 2781.2662492729232
        },
        "http_req_receiving": {
            "p(90)": 0.047,
            "p(95)": 0.102,
            "p(99)": 1.178,
            "avg": 0.1147142649243893,
            "min": 0.004,
            "med": 0.01,
            "max": 214.734
        },
        "data_received": {
            "count": 174495919,
            "rate": 830918.59646786
        },
        "vus": {
            "value": 1,
            "min": 1,
            "max": 100
        },
        "data_sent": {
            "count": 75092913,
            "rate": 357579.12409769953
        },
        "http_req_blocked": {
            "avg": 0.019208544778518924,
            "min": 0,
            "med": 0.001,
            "max": 63.018,
            "p(90)": 0.002,
            "p(95)": 0.003,
            "p(99)": 0.28
        },
        "http_req_waiting": {
            "p(99)": 101.61025,
            "avg": 28.07502471424928,
            "min": 0.431,
            "med": 11.972,
            "max": 492.169,
            "p(90)": 76.788,
            "p(95)": 83.933
        },
        "http_req_sending": {
            "avg": 0.005553213965305426,
            "min": 0.001,
            "med": 0.003,
            "max": 11.872,
            "p(90)": 0.009,
            "p(95)": 0.014,
            "p(99)": 0.036
        },
        "checks": {
            "passes": 1168152,
            "fails": 0,
            "value": 1
        },
        "http_req_tls_handshaking": {
            "avg": 0,
            "min": 0,
            "med": 0,
            "max": 0,
            "p(90)": 0,
            "p(95)": 0,
            "p(99)": 0
        },
        "http_reqs": {
            "count": 584076,
            "rate": 2781.2662492729232
        },
        "http_req_failed": {
            "passes": 0,
            "fails": 584076,
            "thresholds": {
                "rate<0.01": false
            },
            "value": 0
        }
    }
}