{
  "samples": 54,
  "cpu_avg": 101.49685185185184,
  "cpu_max": 111.86,
  "mem_avg_mib": 611.3314814814813,
  "mem_max_mib": 612.9
}
