{
    "root_group": {
        "name": "",
        "path": "",
        "id": "d41d8cd98f00b204e9800998ecf8427e",
        "groups": {},
        "checks": {
                "status is 201": {
                    "name": "status is 201",
                    "path": "::status is 201",
                    "id": "ec8c9afd59577ad0eb26fbf150ecf791",
                    "passes": 204972,
                    "fails": 0
                },
                "customer id matches": {
                    "name": "customer id matches",
                    "path": "::customer id matches",
                    "id": "f0c0cde98ae16a97035c76c72ddcc3c4",
                    "passes": 204972,
                    "fails": 0
                }
            }
    },
    "metrics": {
        "http_reqs": {
            "count": 204972,
            "rate": 976.0390396568597
        },
        "http_req_failed": {
            "passes": 0,
            "fails": 204972,
            "thresholds": {
                "rate<0.02": false
            },
            "value": 0
        },
        "http_req_duration{expected_response:true}": {
            "max": 1391.224,
            "p(90)": 157.48420000000004,
            "p(95)": 188.72934999999998,
            "p(99)": 227.1971599999998,
            "avg": 80.47428023339636,
            "min": 0.817,
            "med": 87.767
        },
        "iteration_duration": {
            "min": 0.866542,
            "med": 87.8740415,
            "max": 1391.269,
            "p(90)": 157.8557250000001,
            "p(95)": 188.8578651,
            "p(99)": 227.34177267999982,
            "avg": 80.5883171004923
        },
        "vus": {
            "value": 1,
            "min": 1,
            "max": 100
        },
        "http_req_duration": {
            "p(90)": 157.48420000000004,
            "p(95)": 188.72934999999998,
            "p(99)": 227.1971599999998,
            "avg": 80.47428023339636,
            "min": 0.817,
            "med": 87.767,
            "max": 1391.224,
            "thresholds": {
                "p(99)<3000": false
            }
        },
        "vus_max": {
            "value": 100,
            "min": 100,
            "max": 100
        },
        "http_req_tls_handshaking": {
            "p(95)": 0,
            "p(99)": 0,
            "avg": 0,
            "min": 0,
            "med": 0,
            "max": 0,
            "p(90)": 0
        },
        "http_req_sending": {
            "p(99)": 0.045,
            "avg": 0.009369543157110288,
            "min": 0.002,
            "med": 0.006,
            "max": 6.707,
            "p(90)": 0.017,
            "p(95)": 0.024
        },
        "checks": {
            "passes": 409944,
            "fails": 0,
            "value": 1
        },
        "data_received": {
            "count": 84390367,
            "rate": 401851.4370888216
        },
        "iterations": {
            "count": 204972,
            "rate": 976.0390396568597
        },
        "http_req_blocked": {
            "min": 0,
            "med": 0.001,
            "max": 53.013,
            "p(90)": 0.003,
            "p(95)": 0.004,
            "p(99)": 0.3172899999999982,
            "avg": 0.01588015924129402
        },
        "http_req_waiting": {
            "med": 86.784,
            "max": 1391.209,
            "p(90)": 128.5405,
            "p(95)": 186.77345,
            "p(99)": 218.74392999999998,
            "avg": 78.19944047479545,
            "min": 0.798
        },
        "http_req_receiving": {
            "avg": 2.2654702154433024,
            "min": 0.005,
            "med": 0.02,
            "max": 566.756,
            "p(90)": 0.674,
            "p(95)": 3.084449999999991,
            "p(99)": 79.22458
        },
        "data_sent": {
            "rate": 364698.3452378347,
            "count": 76588073
        },
        "http_req_connecting": {
            "p(95)": 0,
            "p(99)": 0.2802899999999982,
            "avg": 0.013984807681049122,
            "min": 0,
            "med": 0,
            "max": 52.98,
            "p(90)": 0
        }
    }
}