{
  "samples": 54,
  "cpu_avg": 100.6303703703704,
  "cpu_max": 109.02,
  "mem_avg_mib": 633.5203703703703,
  "mem_max_mib": 639.9
}
