{
    "metrics": {
        "http_req_duration": {
            "max": 799.937,
            "p(90)": 116.569,
            "p(95)": 181.68339999999998,
            "p(99)": 215.4038,
            "avg": 78.2393094543499,
            "min": 0.862,
            "med": 87.173,
            "thresholds": {
                "p(99)<3000": false
            }
        },
        "http_req_sending": {
            "p(95)": 0.024,
            "p(99)": 0.05,
            "avg": 0.0096936384378532,
            "min": 0.002,
            "med": 0.006,
            "max": 3.682,
            "p(90)": 0.018
        },
        "http_req_waiting": {
            "med": 86.252,
            "max": 799.896,
            "p(90)": 114.15180000000001,
            "p(95)": 179.2864,
            "p(99)": 211.85076,
            "avg": 76.13051231660282,
            "min": 0.842
        },
        "http_req_receiving": {
            "max": 500.885,
            "p(90)": 0.625,
            "p(95)": 2.927,
            "p(99)": 75.1994,
            "avg": 2.0991034993091406,
            "min": 0.005,
            "med": 0.021
        },
        "http_req_failed": {
            "passes": 0,
            "fails": 210813,
            "thresholds": {
                "rate<0.02": false
            },
            "value": 0
        },
        "vus_max": {
            "value": 100,
            "min": 100,
            "max": 100
        },
        "iteration_duration": {
            "avg": 78.35322440697547,
            "min": 0.909375,
            "med": 87.284458,
            "max": 800.020542,
            "p(90)": 116.6795912,
            "p(95)": 181.79535819999998,
            "p(99)": 215.50668495999997
        },
        "http_reqs": {
            "count": 210813,
            "rate": 1003.8458830838133
        },
        "http_req_blocked": {
            "avg": 0.011693059725918564,
            "min": 0,
            "med": 0.001,
            "max": 58.354,
            "p(90)": 0.003,
            "p(95)": 0.004,
            "p(99)": 0.292
        },
        "http_req_connecting": {
            "avg": 0.009659423280347985,
            "min": 0,
            "med": 0,
            "max": 58.321,
            "p(90)": 0,
            "p(95)": 0,
            "p(99)": 0.253
        },
        "checks": {
            "passes": 421626,
            "fails": 0,
            "value": 1
        },
        "http_req_duration{expected_response:true}": {
            "p(95)": 181.68339999999998,
            "p(99)": 215.4038,
            "avg": 78.2393094543499,
            "min": 0.862,
            "med": 87.173,
            "max": 799.937,
            "p(90)": 116.569
        },
        "data_sent": {
            "count": 78778886,
            "rate": 375128.0062663548
        },
        "data_received": {
            "count": 86803497,
            "rate": 413339.4672089868
        },
        "vus": {
            "min": 1,
            "max": 100,
            "value": 1
        },
        "iterations": {
            "count": 210813,
            "rate": 1003.8458830838133
        },
        "http_req_tls_handshaking": {
            "med": 0,
            "max": 0,
            "p(90)": 0,
            "p(95)": 0,
            "p(99)": 0,
            "avg": 0,
            "min": 0
        }
    },
    "root_group": {
        "name": "",
        "path": "",
        "id": "d41d8cd98f00b204e9800998ecf8427e",
        "groups": {},
        "checks": {
                "status is 201": {
                    "name": "status is 201",
                    "path": "::status is 201",
                    "id": "ec8c9afd59577ad0eb26fbf150ecf791",
                    "passes": 210813,
                    "fails": 0
                },
                "customer id matches": {
                    "name": "customer id matches",
                    "path": "::customer id matches",
                    "id": "f0c0cde98ae16a97035c76c72ddcc3c4",
                    "passes": 210813,
                    "fails": 0
                }
            }
    }
}