{
    "root_group": {
        "id": "d41d8cd98f00b204e9800998ecf8427e",
        "groups": {},
        "checks": {
                "status is 201": {
                    "name": "status is 201",
                    "path": "::status is 201",
                    "id": "ec8c9afd59577ad0eb26fbf150ecf791",
                    "passes": 319212,
                    "fails": 0
                },
                "customer id matches": {
                    "path": "::customer id matches",
                    "id": "f0c0cde98ae16a97035c76c72ddcc3c4",
                    "passes": 319212,
                    "fails": 0,
                    "name": "customer id matches"
                }
            },
        "name": "",
        "path": ""
    },
    "metrics": {
        "http_req_failed": {
            "passes": 0,
            "fails": 319212,
            "thresholds": {
                "rate<0.02": false
            },
            "value": 0
        },
        "http_req_duration{expected_response:true}": {
            "max": 678.782,
            "p(90)": 97.311,
            "p(95)": 105.259,
            "p(99)": 188.25489,
            "avg": 51.58337894878567,
            "min": 0.797,
            "med": 26.664
        },
        "http_reqs": {
            "count": 319212,
            "rate": 1520.0320768043714
        },
        "iteration_duration": {
            "p(90)": 97.4853628,
            "p(95)": 105.4508731,
            "p(99)": 188.48672761999998,
            "avg": 51.740821222400776,
            "min": 0.884209,
            "med": 26.843791500000002,
            "max": 678.932583
        },
        "checks": {
            "passes": 638424,
            "fails": 0,
            "value": 1
        },
        "iterations": {
            "count": 319212,
            "rate": 1520.0320768043714
        },
        "http_req_duration": {
            "max": 678.782,
            "p(90)": 97.311,
            "p(95)": 105.259,
            "p(99)": 188.25489,
            "avg": 51.58337894878567,
            "min": 0.797,
            "med": 26.664,
            "thresholds": {
                "p(99)<3000": false
            }
        },
        "vus": {
            "value": 1,
            "min": 1,
            "max": 100
        },
        "http_req_tls_handshaking": {
            "min": 0,
            "med": 0,
            "max": 0,
            "p(90)": 0,
            "p(95)": 0,
            "p(99)": 0,
            "avg": 0
        },
        "http_req_sending": {
            "p(99)": 0.095,
            "avg": 0.014334197962470234,
            "min": 0.002,
            "med": 0.009,
            "max": 11.809,
            "p(90)": 0.02,
            "p(95)": 0.025
        },
        "data_sent": {
            "count": 119398928,
            "rate": 568556.9480347093
        },
        "http_req_connecting": {
            "p(90)": 0,
            "p(95)": 0,
            "p(99)": 0.28888999999999715,
            "avg": 0.006548939262934969,
            "min": 0,
            "med": 0,
            "max": 16.34
        },
        "http_req_receiving": {
            "p(99)": 71.72288999999999,
            "avg": 1.7554313402984132,
            "min": 0.005,
            "med": 0.023,
            "max": 475.96,
            "p(90)": 0.517,
            "p(95)": 2.266
        },
        "data_received": {
            "count": 131550583,
            "rate": 626421.017638171
        },
        "vus_max": {
            "value": 100,
            "min": 100,
            "max": 100
        },
        "http_req_blocked": {
            "max": 16.387,
            "p(90)": 0.003,
            "p(95)": 0.004,
            "p(99)": 0.363,
            "avg": 0.009358301066382947,
            "min": 0,
            "med": 0.002
        },
        "http_req_waiting": {
            "avg": 49.81361341052522,
            "min": 0.757,
            "med": 23.409,
            "max": 599.859,
            "p(90)": 96.468,
            "p(95)": 104.07389999999997,
            "p(99)": 186.11711999999997
        }
    }
}