{
    "root_group": {
        "name": "",
        "path": "",
        "id": "d41d8cd98f00b204e9800998ecf8427e",
        "groups": {},
        "checks": {
                "status is 201": {
                    "path": "::status is 201",
                    "id": "ec8c9afd59577ad0eb26fbf150ecf791",
                    "passes": 173069,
                    "fails": 0,
                    "name": "status is 201"
                },
                "customer id matches": {
                    "passes": 173069,
                    "fails": 0,
                    "name": "customer id matches",
                    "path": "::customer id matches",
                    "id": "f0c0cde98ae16a97035c76c72ddcc3c4"
                }
            }
    },
    "metrics": {
        "http_req_duration{expected_response:true}": {
            "p(99)": 378.6318399999997,
            "avg": 95.3233260780402,
            "min": 0.816,
            "med": 94.032,
            "max": 1023.647,
            "p(90)": 192.921,
            "p(95)": 223.0041999999999
        },
        "http_req_blocked": {
            "min": 0,
            "med": 0.001,
            "max": 45.582,
            "p(90)": 0.003,
            "p(95)": 0.004,
            "p(99)": 0.303,
            "avg": 0.011700749412064306
        },
        "http_reqs": {
            "rate": 824.1084508798193,
            "count": 173069
        },
        "http_req_waiting": {
            "min": 0.802,
            "med": 93.89,
            "max": 1023.61,
            "p(90)": 192.742,
            "p(95)": 222.60479999999998,
            "p(99)": 377.87003999999996,
            "avg": 94.99645829120294
        },
        "iteration_duration": {
            "p(99)": 378.6983269999997,
            "avg": 95.44136810976455,
            "min": 0.855166,
            "med": 94.140542,
            "max": 1023.775583,
            "p(90)": 193.0424914,
            "p(95)": 223.11868339999998
        },
        "vus": {
            "value": 1,
            "min": 1,
            "max": 100
        },
        "http_req_tls_handshaking": {
            "max": 0,
            "p(90)": 0,
            "p(95)": 0,
            "p(99)": 0,
            "avg": 0,
            "min": 0,
            "med": 0
        },
        "http_req_duration": {
            "p(99)": 378.6318399999997,
            "avg": 95.3233260780402,
            "min": 0.816,
            "med": 94.032,
            "max": 1023.647,
            "p(90)": 192.921,
            "p(95)": 223.0041999999999,
            "thresholds": {
                "p(99)<3000": false
            }
        },
        "http_req_failed": {
            "passes": 0,
            "fails": 173069,
            "thresholds": {
                "rate<0.02": false
            },
            "value": 0
        },
        "http_req_receiving": {
            "med": 0.026,
            "max": 155.157,
            "p(90)": 0.291,
            "p(95)": 0.502,
            "p(99)": 1.4853199999999984,
            "avg": 0.3158275369938865,
            "min": 0.005
        },
        "http_req_sending": {
            "min": 0.002,
            "med": 0.008,
            "max": 5.658,
            "p(90)": 0.022,
            "p(95)": 0.027,
            "p(99)": 0.041,
            "avg": 0.01104024984255541
        },
        "checks": {
            "passes": 346138,
            "fails": 0,
            "value": 1
        },
        "iterations": {
            "count": 173069,
            "rate": 824.1084508798193
        },
        "data_sent": {
            "count": 64630753,
            "rate": 307754.42011004995
        },
        "vus_max": {
            "value": 100,
            "min": 100,
            "max": 100
        },
        "http_req_connecting": {
            "avg": 0.009617603383621552,
            "min": 0,
            "med": 0,
            "max": 45.546,
            "p(90)": 0,
            "p(95)": 0,
            "p(99)": 0.26563999999999693
        },
        "data_received": {
            "count": 71045500,
            "rate": 338299.7356371286
        }
    }
}