{
  "samples": 55,
  "cpu_avg": 97.42981818181819,
  "cpu_max": 108.17,
  "mem_avg_mib": 582.2072727272727,
  "mem_max_mib": 585.6
}
