{
    "root_group": {
        "name": "",
        "path": "",
        "id": "d41d8cd98f00b204e9800998ecf8427e",
        "groups": {},
        "checks": {
                "status is 200": {
                    "path": "::status is 200",
                    "id": "6210a8cd14cd70477eba5c5e4cb3fb5f",
                    "passes": 918290,
                    "fails": 0,
                    "name": "status is 200"
                },
                "status field ok": {
                    "name": "status field ok",
                    "path": "::status field ok",
                    "id": "6f725f76b11777dfc61d5bb0aebe451e",
                    "passes": 918290,
                    "fails": 0
                }
            }
    },
    "metrics": {
        "http_req_waiting": {
            "avg": 17.76733985451176,
            "min": 0.242,
            "med": 7.887,
            "max": 1257.379,
            "p(90)": 62.662,
            "p(95)": 70.78154999999995,
            "p(99)": 93.72121999999999
        },
        "data_received": {
            "count": 178072284,
            "rate": 847893.4593608001
        },
        "vus": {
            "value": 1,
            "min": 1,
            "max": 100
        },
        "http_reqs": {
            "count": 918290,
            "rate": 4372.449587923684
        },
        "http_req_connecting": {
            "min": 0,
            "med": 0,
            "max": 110.576,
            "p(90)": 0,
            "p(95)": 0,
            "p(99)": 0.109,
            "avg": 0.02113668340066863
        },
        "http_req_failed": {
            "passes": 0,
            "fails": 918290,
            "thresholds": {
                "rate<0.01": false
            },
            "value": 0
        },
        "http_req_receiving": {
            "p(95)": 0.195,
            "p(99)": 1.0351099999999918,
            "avg": 0.13544373019400258,
            "min": 0.004,
            "med": 0.009,
            "max": 703.013,
            "p(90)": 0.053
        },
        "iterations": {
            "count": 918290,
            "rate": 4372.449587923684
        },
        "http_req_duration{expected_response:true}": {
            "p(99)": 93.99910999999999,
            "avg": 17.908930171296575,
            "min": 0.297,
            "med": 7.944,
            "max": 1257.392,
            "p(90)": 62.842,
            "p(95)": 70.97654999999996
        },
        "http_req_tls_handshaking": {
            "max": 0,
            "p(90)": 0,
            "p(95)": 0,
            "p(99)": 0,
            "avg": 0,
            "min": 0,
            "med": 0
        },
        "http_req_sending": {
            "p(99)": 0.029,
            "avg": 0.006146586590275437,
            "min": 0.002,
            "med": 0.004,
            "max": 65.749,
            "p(90)": 0.011,
            "p(95)": 0.016
        },
        "iteration_duration": {
            "max": 1257.40875,
            "p(90)": 62.898833,
            "p(95)": 71.04292949999999,
            "p(99)": 94.14330475,
            "avg": 17.980287191602635,
            "min": 0.331709,
            "med": 7.993958
        },
        "http_req_duration": {
            "med": 7.944,
            "max": 1257.392,
            "p(90)": 62.842,
            "p(95)": 70.97654999999996,
            "p(99)": 93.99910999999999,
            "avg": 17.908930171296575,
            "min": 0.297,
            "thresholds": {
                "p(99)<1500": false
            }
        },
        "http_req_blocked": {
            "min": 0,
            "med": 0.001,
            "max": 110.62,
            "p(90)": 0.002,
            "p(95)": 0.002,
            "p(99)": 0.13510999999999185,
            "avg": 0.022317801566061782
        },
        "checks": {
            "passes": 1836580,
            "fails": 0,
            "value": 1
        },
        "data_sent": {
            "count": 1997949594,
            "rate": 9513262.56300035
        },
        "vus_max": {
            "min": 100,
            "max": 100,
            "value": 100
        }
    }
}