{
    "root_group": {
        "name": "",
        "path": "",
        "id": "d41d8cd98f00b204e9800998ecf8427e",
        "groups": {},
        "checks": {
                "status is 200": {
                    "id": "6210a8cd14cd70477eba5c5e4cb3fb5f",
                    "passes": 833588,
                    "fails": 0,
                    "name": "status is 200",
                    "path": "::status is 200"
                },
                "status field ok": {
                    "name": "status field ok",
                    "path": "::status field ok",
                    "id": "6f725f76b11777dfc61d5bb0aebe451e",
                    "passes": 833588,
                    "fails": 0
                }
            }
    },
    "metrics": {
        "http_req_tls_handshaking": {
            "p(99)": 0,
            "avg": 0,
            "min": 0,
            "med": 0,
            "max": 0,
            "p(90)": 0,
            "p(95)": 0
        },
        "iterations": {
            "rate": 3969.3457717354477,
            "count": 833588
        },
        "http_req_failed": {
            "fails": 833588,
            "passes": 0,
            "thresholds": {
                "rate<0.01": false
            },
            "value": 0
        },
        "checks": {
            "fails": 0,
            "passes": 1667176,
            "value": 1
        },
        "data_received": {
            "count": 161612282,
            "rate": 769558.8566740606
        },
        "vus_max": {
            "max": 100,
            "value": 100,
            "min": 100
        },
        "http_req_connecting": {
            "avg": 0.016007651261774395,
            "min": 0,
            "med": 0,
            "max": 127.997,
            "p(90)": 0,
            "p(95)": 0,
            "p(99)": 0.106
        },
        "iteration_duration": {
            "avg": 19.80913527982817,
            "min": 0.303875,
            "med": 9.652416500000001,
            "max": 374.14075,
            "p(90)": 62.6962206,
            "p(95)": 72.37658125,
            "p(99)": 95.30557499999998
        },
        "http_reqs": {
            "count": 833588,
            "rate": 3969.3457717354477
        },
        "data_sent": {
            "count": 1813626207,
            "rate": 8636052.241951717
        },
        "http_req_duration{expected_response:true}": {
            "min": 0.27,
            "med": 9.594,
            "max": 374.111,
            "p(90)": 62.620300000000015,
            "p(95)": 72.287,
            "p(99)": 95.13025999999998,
            "avg": 19.731364713743474
        },
        "http_req_sending": {
            "p(95)": 0.017,
            "p(99)": 0.041,
            "avg": 0.008311033748071224,
            "min": 0.002,
            "med": 0.004,
            "max": 188.786,
            "p(90)": 0.011
        },
        "http_req_receiving": {
            "p(99)": 1.3911299999999927,
            "avg": 0.14125976141673424,
            "min": 0.004,
            "med": 0.009,
            "max": 180.364,
            "p(90)": 0.046,
            "p(95)": 0.142
        },
        "http_req_blocked": {
            "avg": 0.01750503246217765,
            "min": 0,
            "med": 0.001,
            "max": 128.072,
            "p(90)": 0.002,
            "p(95)": 0.003,
            "p(99)": 0.161
        },
        "http_req_duration": {
            "med": 9.594,
            "max": 374.111,
            "p(90)": 62.620300000000015,
            "p(95)": 72.287,
            "p(99)": 95.13025999999998,
            "avg": 19.731364713743474,
            "min": 0.27,
            "thresholds": {
                "p(99)<1500": false
            }
        },
        "vus": {
            "value": 1,
            "min": 1,
            "max": 100
        },
        "http_req_waiting": {
            "avg": 19.581793918577908,
            "min": 0.257,
            "med": 9.522,
            "max": 374.098,
            "p(90)": 62.406,
            "p(95)": 72.067,
            "p(99)": 94.77351999999996
        }
    }
}