{
    "metrics": {
        "http_req_duration{expected_response:true}": {
            "avg": 18.681517208837455,
            "min": 0.279,
            "med": 8.734,
            "max": 1107.223,
            "p(90)": 61.281,
            "p(95)": 70.559,
            "p(99)": 119.57771999999999
        },
        "http_req_receiving": {
            "avg": 0.1374505857033521,
            "min": 0.004,
            "med": 0.009,
            "max": 395.993,
            "p(90)": 0.044,
            "p(95)": 0.141,
            "p(99)": 1.201
        },
        "iterations": {
            "count": 880565,
            "rate": 4193.2082792669235
        },
        "http_req_duration": {
            "max": 1107.223,
            "p(90)": 61.281,
            "p(95)": 70.559,
            "p(99)": 119.57771999999999,
            "avg": 18.681517208837455,
            "min": 0.279,
            "med": 8.734,
            "thresholds": {
                "p(99)<1500": false
            }
        },
        "http_req_sending": {
            "avg": 0.006448146360553986,
            "min": 0.002,
            "med": 0.004,
            "max": 26.712,
            "p(90)": 0.011,
            "p(95)": 0.016,
            "p(99)": 0.031
        },
        "http_req_waiting": {
            "med": 8.675,
            "max": 1107.2,
            "p(90)": 61.08,
            "p(95)": 70.37479999999996,
            "p(99)": 119.33836,
            "avg": 18.537618476773375,
            "min": 0.253
        },
        "http_req_failed": {
            "passes": 0,
            "fails": 880565,
            "thresholds": {
                "rate<0.01": false
            },
            "value": 0
        },
        "checks": {
            "passes": 1761130,
            "fails": 0,
            "value": 1
        },
        "vus_max": {
            "value": 100,
            "min": 100,
            "max": 100
        },
        "http_req_tls_handshaking": {
            "min": 0,
            "med": 0,
            "max": 0,
            "p(90)": 0,
            "p(95)": 0,
            "p(99)": 0,
            "avg": 0
        },
        "data_received": {
            "rate": 813034.7826880339,
            "count": 170735610
        },
        "iteration_duration": {
            "max": 1107.812875,
            "p(90)": 61.347525000000005,
            "p(95)": 70.64004999999999,
            "p(99)": 119.67024475999999,
            "avg": 18.755822887767682,
            "min": 0.307209,
            "med": 8.787584
        },
        "http_req_blocked": {
            "med": 0.001,
            "max": 134.72,
            "p(90)": 0.002,
            "p(95)": 0.003,
            "p(99)": 0.15,
            "avg": 0.022230743897501078,
            "min": 0
        },
        "http_req_connecting": {
            "p(99)": 0.11335999999999219,
            "avg": 0.02095361046600757,
            "min": 0,
            "med": 0,
            "max": 134.668,
            "p(90)": 0,
            "p(95)": 0
        },
        "data_sent": {
            "count": 1915849038,
            "rate": 9123181.193855276
        },
        "http_reqs": {
            "rate": 4193.2082792669235,
            "count": 880565
        },
        "vus": {
            "value": 1,
            "min": 1,
            "max": 100
        }
    },
    "root_group": {
        "checks": {
            "status is 200": {
                "name": "status is 200",
                "path": "::status is 200",
                "id": "6210a8cd14cd70477eba5c5e4cb3fb5f",
                "passes": 880565,
                "fails": 0
            },
            "status field ok": {
                "fails": 0,
                "name": "status field ok",
                "path": "::status field ok",
                "id": "6f725f76b11777dfc61d5bb0aebe451e",
                "passes": 880565
            }
        },
        "name": "",
        "path": "",
        "id": "d41d8cd98f00b204e9800998ecf8427e",
        "groups": {}
    }
}