{
    "metrics": {
        "http_req_waiting": {
            "avg": 13.40198835567193,
            "min": 0.191,
            "med": 6.609,
            "max": 221.429,
            "p(90)": 45.399100000000026,
            "p(95)": 58.562,
            "p(99)": 109.22413999999985
        },
        "http_req_receiving": {
            "max": 49.29,
            "p(90)": 0.026,
            "p(95)": 0.037,
            "p(99)": 0.073,
            "avg": 0.016455873651512545,
            "min": 0.003,
            "med": 0.008
        },
        "data_sent": {
            "count": 174826331,
            "rate": 832460.7469949943
        },
        "iterations": {
            "count": 1223600,
            "rate": 5826.347577031031
        },
        "http_req_duration": {
            "max": 221.44,
            "p(90)": 45.41610000000002,
            "p(95)": 58.583,
            "p(99)": 109.24806999999993,
            "avg": 13.423900397188566,
            "min": 0.203,
            "med": 6.627,
            "thresholds": {
                "p(99)<1000": false
            }
        },
        "http_req_duration{expected_response:true}": {
            "p(99)": 109.24806999999993,
            "avg": 13.423900397188566,
            "min": 0.203,
            "med": 6.627,
            "max": 221.44,
            "p(90)": 45.41610000000002,
            "p(95)": 58.583
        },
        "vus": {
            "value": 1,
            "min": 1,
            "max": 100
        },
        "vus_max": {
            "value": 100,
            "min": 100,
            "max": 100
        },
        "http_req_sending": {
            "avg": 0.0054561678653476725,
            "min": 0.001,
            "med": 0.003,
            "max": 41.133,
            "p(90)": 0.008,
            "p(95)": 0.012,
            "p(99)": 0.027
        },
        "checks": {
            "fails": 0,
            "passes": 2447200,
            "value": 1
        },
        "iteration_duration": {
            "p(95)": 58.64708305,
            "p(99)": 109.7251367499998,
            "avg": 13.494260345443976,
            "min": 0.227583,
            "med": 6.6735625,
            "max": 221.468375,
            "p(90)": 45.4874202
        },
        "http_req_failed": {
            "passes": 0,
            "fails": 1223600,
            "thresholds": {
                "rate<0.01": false
            },
            "value": 0
        },
        "http_req_connecting": {
            "avg": 0.0201534570120955,
            "min": 0,
            "med": 0,
            "max": 170.916,
            "p(90)": 0,
            "p(95)": 0,
            "p(99)": 0.108
        },
        "http_reqs": {
            "count": 1223600,
            "rate": 5826.347577031031
        },
        "http_req_tls_handshaking": {
            "med": 0,
            "max": 0,
            "p(90)": 0,
            "p(95)": 0,
            "p(99)": 0,
            "avg": 0,
            "min": 0
        },
        "data_received": {
            "count": 205647884,
            "rate": 979222.0093698582
        },
        "http_req_blocked": {
            "avg": 0.021476505394036963,
            "min": 0,
            "med": 0.001,
            "max": 170.958,
            "p(90)": 0.002,
            "p(95)": 0.002,
            "p(99)": 0.145
        }
    },
    "root_group": {
        "name": "",
        "path": "",
        "id": "d41d8cd98f00b204e9800998ecf8427e",
        "groups": {},
        "checks": {
                "status is 200": {
                    "fails": 0,
                    "name": "status is 200",
                    "path": "::status is 200",
                    "id": "6210a8cd14cd70477eba5c5e4cb3fb5f",
                    "passes": 1223600
                },
                "body is hello world": {
                    "name": "body is hello world",
                    "path": "::body is hello world",
                    "id": "db256fa93e36a4d0f1f90c80dfa61eec",
                    "passes": 1223600,
                    "fails": 0
                }
            }
    }
}