{
    "root_group": {
        "name": "",
        "path": "",
        "id": "d41d8cd98f00b204e9800998ecf8427e",
        "groups": {},
        "checks": {
                "status is 200": {
                    "path": "::status is 200",
                    "id": "6210a8cd14cd70477eba5c5e4cb3fb5f",
                    "passes": 1179974,
                    "fails": 0,
                    "name": "status is 200"
                },
                "body is hello world": {
                    "id": "db256fa93e36a4d0f1f90c80dfa61eec",
                    "passes": 1179974,
                    "fails": 0,
                    "name": "body is hello world",
                    "path": "::body is hello world"
                }
            }
    },
    "metrics": {
        "http_req_receiving": {
            "avg": 0.019339412563287944,
            "min": 0.004,
            "med": 0.008,
            "max": 51.072,
            "p(90)": 0.027,
            "p(95)": 0.039,
            "p(99)": 0.087
        },
        "data_sent": {
            "rate": 802637.273266876,
            "count": 168558762
        },
        "vus_max": {
            "value": 100,
            "min": 100,
            "max": 100
        },
        "vus": {
            "max": 100,
            "value": 1,
            "min": 1
        },
        "http_reqs": {
            "count": 1179974,
            "rate": 5618.7593136559035
        },
        "http_req_sending": {
            "p(99)": 0.032,
            "avg": 0.0065223089661602535,
            "min": 0.001,
            "med": 0.003,
            "max": 35.824,
            "p(90)": 0.009,
            "p(95)": 0.013
        },
        "http_req_duration": {
            "p(90)": 47.887,
            "p(95)": 61.386,
            "p(99)": 88.84707999999996,
            "avg": 13.920124549354187,
            "min": 0.18,
            "med": 6.912,
            "max": 282.727,
            "thresholds": {
                "p(99)<1000": false
            }
        },
        "iteration_duration": {
            "p(90)": 47.96229580000001,
            "p(95)": 61.4556397,
            "p(99)": 89.06231441,
            "avg": 13.990739002308668,
            "min": 0.206458,
            "med": 6.959708,
            "max": 283.002125
        },
        "http_req_failed": {
            "passes": 0,
            "fails": 1179974,
            "thresholds": {
                "rate<0.01": false
            },
            "value": 0
        },
        "http_req_duration{expected_response:true}": {
            "p(90)": 47.887,
            "p(95)": 61.386,
            "p(99)": 88.84707999999996,
            "avg": 13.920124549354187,
            "min": 0.18,
            "med": 6.912,
            "max": 282.727
        },
        "http_req_blocked": {
            "p(95)": 0.003,
            "p(99)": 0.14,
            "avg": 0.016042655177258672,
            "min": 0,
            "med": 0.001,
            "max": 124.743,
            "p(90)": 0.002
        },
        "http_req_connecting": {
            "med": 0,
            "max": 124.7,
            "p(90)": 0,
            "p(95)": 0,
            "p(99)": 0.097,
            "avg": 0.014586540042407675,
            "min": 0
        },
        "checks": {
            "passes": 2359948,
            "fails": 0,
            "value": 1
        },
        "iterations": {
            "count": 1179974,
            "rate": 5618.7593136559035
        },
        "http_req_tls_handshaking": {
            "avg": 0,
            "min": 0,
            "med": 0,
            "max": 0,
            "p(90)": 0,
            "p(95)": 0,
            "p(99)": 0
        },
        "data_received": {
            "count": 198281419,
            "rate": 944169.5916445266
        },
        "http_req_waiting": {
            "max": 282.652,
            "p(90)": 47.854,
            "p(95)": 61.352349999999944,
            "p(99)": 88.81426999999998,
            "avg": 13.894262827825704,
            "min": 0.171,
            "med": 6.893
        }
    }
}