{
  "samples": 54,
  "cpu_avg": 96.05796296296292,
  "cpu_max": 107.60,
  "mem_avg_mib": 553.0425925925924,
  "mem_max_mib": 569.2
}
