{
    "root_group": {
        "name": "",
        "path": "",
        "id": "d41d8cd98f00b204e9800998ecf8427e",
        "groups": {},
        "checks": {
                "status is 200": {
                    "name": "status is 200",
                    "path": "::status is 200",
                    "id": "6210a8cd14cd70477eba5c5e4cb3fb5f",
                    "passes": 1359870,
                    "fails": 0
                },
                "body is hello world": {
                    "path": "::body is hello world",
                    "id": "db256fa93e36a4d0f1f90c80dfa61eec",
                    "passes": 1359870,
                    "fails": 0,
                    "name": "body is hello world"
                }
            }
    },
    "metrics": {
        "http_req_duration{expected_response:true}": {
            "p(95)": 57.411,
            "p(99)": 88.332,
            "avg": 12.0740791597736,
            "min": 0.21,
            "med": 6.054,
            "max": 543.239,
            "p(90)": 42.883100000000034
        },
        "http_req_connecting": {
            "p(95)": 0,
            "p(99)": 0.108,
            "avg": 0.014731428004147435,
            "min": 0,
            "med": 0,
            "max": 131.295,
            "p(90)": 0
        },
        "http_req_receiving": {
            "avg": 0.018385699368489203,
            "min": 0.003,
            "med": 0.008,
            "max": 26.062,
            "p(90)": 0.025,
            "p(95)": 0.036,
            "p(99)": 0.083
        },
        "http_req_blocked": {
            "p(99)": 0.145,
            "avg": 0.01608237919812443,
            "min": 0,
            "med": 0.001,
            "max": 131.336,
            "p(90)": 0.002,
            "p(95)": 0.002
        },
        "http_req_duration": {
            "max": 543.239,
            "p(90)": 42.883100000000034,
            "p(95)": 57.411,
            "p(99)": 88.332,
            "avg": 12.0740791597736,
            "min": 0.21,
            "med": 6.054,
            "thresholds": {
                "p(99)<1000": false
            }
        },
        "http_req_waiting": {
            "p(95)": 57.38254999999994,
            "p(99)": 88.294,
            "avg": 12.049676033003271,
            "min": 0.201,
            "med": 6.035,
            "max": 543.21,
            "p(90)": 42.852
        },
        "http_req_tls_handshaking": {
            "p(99)": 0,
            "avg": 0,
            "min": 0,
            "med": 0,
            "max": 0,
            "p(90)": 0,
            "p(95)": 0
        },
        "data_received": {
            "rate": 1088775.3177974143,
            "count": 228646904
        },
        "http_reqs": {
            "rate": 6475.455672092415,
            "count": 1359870
        },
        "http_req_failed": {
            "passes": 0,
            "fails": 1359870,
            "thresholds": {
                "rate<0.01": false
            },
            "value": 0
        },
        "data_sent": {
            "count": 194392818,
            "rate": 925663.538376557
        },
        "http_req_sending": {
            "max": 34.781,
            "p(90)": 0.008,
            "p(95)": 0.012,
            "p(99)": 0.03,
            "avg": 0.006017427401211094,
            "min": 0.001,
            "med": 0.003
        },
        "vus": {
            "value": 1,
            "min": 1,
            "max": 100
        },
        "iteration_duration": {
            "p(90)": 42.963712199999996,
            "p(95)": 57.467910049999986,
            "p(99)": 88.52106174999986,
            "avg": 12.139524487722225,
            "min": 0.230375,
            "med": 6.101875,
            "max": 543.283333
        },
        "iterations": {
            "count": 1359870,
            "rate": 6475.455672092415
        },
        "checks": {
            "fails": 0,
            "passes": 2719740,
            "value": 1
        },
        "vus_max": {
            "value": 100,
            "min": 100,
            "max": 100
        }
    }
}