{
    "root_group": {
        "checks": {
            "status is 200": {
                "name": "status is 200",
                "path": "::status is 200",
                "id": "6210a8cd14cd70477eba5c5e4cb3fb5f",
                "passes": 278727,
                "fails": 0
            },
            "processed_name present": {
                "name": "processed_name present",
                "path": "::processed_name present",
                "id": "03a22013f2c2759212cd593a9af6b0a0",
                "passes": 278727,
                "fails": 0
            }
        },
        "name": "",
        "path": "",
        "id": "d41d8cd98f00b204e9800998ecf8427e",
        "groups": {}
    },
    "metrics": {
        "data_received": {
            "count": 73723482,
            "rate": 351097.80173152
        },
        "checks": {
            "passes": 557454,
            "fails": 0,
            "value": 1
        },
        "http_req_duration": {
            "min": 0.659,
            "med": 82.984,
            "max": 504.574,
            "p(90)": 103.356,
            "p(95)": 108.942,
            "p(99)": 185.16787999999997,
            "avg": 59.15076921862533,
            "thresholds": {
                "p(99)<2000": false
            }
        },
        "http_req_failed": {
            "passes": 0,
            "fails": 278727,
            "thresholds": {
                "rate<0.01": false
            },
            "value": 0
        },
        "http_req_duration{expected_response:true}": {
            "med": 82.984,
            "max": 504.574,
            "p(90)": 103.356,
            "p(95)": 108.942,
            "p(99)": 185.16787999999997,
            "avg": 59.15076921862533,
            "min": 0.659
        },
        "iteration_duration": {
            "avg": 59.2644151261346,
            "min": 0.694,
            "med": 83.102708,
            "max": 504.629875,
            "p(90)": 103.49665,
            "p(95)": 109.0881287,
            "p(99)": 185.31075016
        },
        "http_req_blocked": {
            "p(95)": 0.003,
            "p(99)": 0.349,
            "avg": 0.02306335590030205,
            "min": 0,
            "med": 0.001,
            "max": 65.993,
            "p(90)": 0.002
        },
        "http_req_connecting": {
            "avg": 0.020958378628550538,
            "min": 0,
            "med": 0,
            "max": 65.942,
            "p(90)": 0,
            "p(95)": 0,
            "p(99)": 0.286
        },
        "vus": {
            "value": 1,
            "min": 1,
            "max": 100
        },
        "http_req_waiting": {
            "avg": 58.795375349356554,
            "min": 0.628,
            "med": 82.645,
            "max": 504.559,
            "p(90)": 103.214,
            "p(95)": 108.718,
            "p(99)": 183.76261999999997
        },
        "data_sent": {
            "rate": 299497.6824020044,
            "count": 62888494
        },
        "http_req_tls_handshaking": {
            "med": 0,
            "max": 0,
            "p(90)": 0,
            "p(95)": 0,
            "p(99)": 0,
            "avg": 0,
            "min": 0
        },
        "http_req_receiving": {
            "min": 0.005,
            "med": 0.017,
            "max": 306.869,
            "p(90)": 0.049,
            "p(95)": 0.098,
            "p(99)": 1.6277399999999975,
            "avg": 0.3454771945307913
        },
        "http_reqs": {
            "count": 278727,
            "rate": 1327.3984669256583
        },
        "vus_max": {
            "value": 100,
            "min": 100,
            "max": 100
        },
        "http_req_sending": {
            "avg": 0.009916674739083049,
            "min": 0.002,
            "med": 0.006,
            "max": 9.997,
            "p(90)": 0.015,
            "p(95)": 0.021,
            "p(99)": 0.064
        },
        "iterations": {
            "count": 278727,
            "rate": 1327.3984669256583
        }
    }
}