{
    "root_group": {
        "checks": {
            "status is 200": {
                "name": "status is 200",
                "path": "::status is 200",
                "id": "6210a8cd14cd70477eba5c5e4cb3fb5f",
                "passes": 477964,
                "fails": 0
            },
            "user id is 10": {
                "name": "user id is 10",
                "path": "::user id is 10",
                "id": "2beb7b64808ff39ee6fe91e77ced8a64",
                "passes": 477964,
                "fails": 0
            }
        },
        "name": "",
        "path": "",
        "id": "d41d8cd98f00b204e9800998ecf8427e",
        "groups": {}
    },
    "metrics": {
        "iteration_duration": {
            "avg": 34.55152085657745,
            "min": 0.496917,
            "med": 12.9846455,
            "max": 762.386959,
            "p(90)": 86.4500714,
            "p(95)": 95.31086255,
            "p(99)": 130.03737315999996
        },
        "http_req_duration": {
            "avg": 34.47051467683727,
            "min": 0.466,
            "med": 12.914,
            "max": 762.357,
            "p(90)": 86.351,
            "p(95)": 95.218,
            "p(99)": 129.90639999999993,
            "thresholds": {
                "p(99)<1000": false
            }
        },
        "http_req_waiting": {
            "p(99)": 128.04406999999995,
            "avg": 33.89117994869888,
            "min": 0.431,
            "med": 12.664,
            "max": 762.346,
            "p(90)": 85.86970000000001,
            "p(95)": 94.67484999999998
        },
        "http_req_sending": {
            "avg": 0.005858200617618146,
            "min": 0.001,
            "med": 0.003,
            "max": 12.459,
            "p(90)": 0.01,
            "p(95)": 0.014,
            "p(99)": 0.03
        },
        "http_reqs": {
            "count": 477964,
            "rate": 2276.0019234141
        },
        "http_req_tls_handshaking": {
            "med": 0,
            "max": 0,
            "p(90)": 0,
            "p(95)": 0,
            "p(99)": 0,
            "avg": 0,
            "min": 0
        },
        "vus": {
            "value": 1,
            "min": 1,
            "max": 100
        },
        "data_received": {
            "count": 142769272,
            "rate": 679848.5611393972
        },
        "vus_max": {
            "value": 100,
            "min": 100,
            "max": 100
        },
        "http_req_receiving": {
            "p(95)": 1.107,
            "p(99)": 5.070479999999983,
            "avg": 0.5734765275211363,
            "min": 0.005,
            "med": 0.012,
            "max": 284.69,
            "p(90)": 0.133
        },
        "data_sent": {
            "count": 61425541,
            "rate": 292500.3754733655
        },
        "http_req_failed": {
            "passes": 0,
            "fails": 477964,
            "thresholds": {
                "rate<0.01": false
            },
            "value": 0
        },
        "iterations": {
            "count": 477964,
            "rate": 2276.0019234141
        },
        "http_req_connecting": {
            "max": 82.074,
            "p(90)": 0,
            "p(95)": 0,
            "p(99)": 0.261,
            "avg": 0.018253889414265496,
            "min": 0,
            "med": 0
        },
        "http_req_blocked": {
            "min": 0,
            "med": 0.001,
            "max": 82.138,
            "p(90)": 0.002,
            "p(95)": 0.003,
            "p(99)": 0.307,
            "avg": 0.019788628432367714
        },
        "checks": {
            "passes": 955928,
            "fails": 0,
            "value": 1
        },
        "http_req_duration{expected_response:true}": {
            "p(95)": 95.218,
            "p(99)": 129.90639999999993,
            "avg": 34.47051467683727,
            "min": 0.466,
            "med": 12.914,
            "max": 762.357,
            "p(90)": 86.351
        }
    }
}