{
    "metrics": {
        "iterations": {
            "count": 876058,
            "rate": 4171.72335587172
        },
        "http_req_tls_handshaking": {
            "min": 0,
            "med": 0,
            "max": 0,
            "p(90)": 0,
            "p(95)": 0,
            "p(99)": 0,
            "avg": 0
        },
        "http_req_connecting": {
            "med": 0,
            "max": 129.662,
            "p(90)": 0,
            "p(95)": 0,
            "p(99)": 0.114,
            "avg": 0.02068247079531277,
            "min": 0
        },
        "http_req_sending": {
            "p(95)": 0.017,
            "p(99)": 0.031,
            "avg": 0.006148938768880201,
            "min": 0.002,
            "med": 0.004,
            "max": 22.47,
            "p(90)": 0.011
        },
        "vus_max": {
            "value": 100,
            "min": 100,
            "max": 100
        },
        "http_req_failed": {
            "passes": 0,
            "fails": 876058,
            "thresholds": {
                "rate<0.01": false
            },
            "value": 0
        },
        "http_req_waiting": {
            "p(99)": 115.09772999999991,
            "avg": 18.630519659657576,
            "min": 0.222,
            "med": 8.528,
            "max": 479.022,
            "p(90)": 62.175,
            "p(95)": 71.68814999999996
        },
        "http_reqs": {
            "count": 876058,
            "rate": 4171.72335587172
        },
        "http_req_blocked": {
            "avg": 0.021931797894768845,
            "min": 0,
            "med": 0.001,
            "max": 129.679,
            "p(90)": 0.002,
            "p(95)": 0.003,
            "p(99)": 0.146
        },
        "checks": {
            "passes": 1752116,
            "fails": 0,
            "value": 1
        },
        "iteration_duration": {
            "avg": 18.847898382098972,
            "min": 0.278041,
            "med": 8.638292,
            "max": 479.148292,
            "p(90)": 62.448283700000005,
            "p(95)": 71.94627489999999,
            "p(99)": 115.55120611999995
        },
        "data_received": {
            "count": 169859005,
            "rate": 808856.0099486919
        },
        "data_sent": {
            "count": 1906040490,
            "rate": 9076423.74063153
        },
        "vus": {
            "value": 1,
            "min": 1,
            "max": 100
        },
        "http_req_duration": {
            "min": 0.249,
            "med": 8.586,
            "max": 479.066,
            "p(90)": 62.38230000000002,
            "p(95)": 71.87014999999997,
            "p(99)": 115.42385999999999,
            "avg": 18.77601845083347,
            "thresholds": {
                "p(99)<1500": false
            }
        },
        "http_req_duration{expected_response:true}": {
            "avg": 18.77601845083347,
            "min": 0.249,
            "med": 8.586,
            "max": 479.066,
            "p(90)": 62.38230000000002,
            "p(95)": 71.87014999999997,
            "p(99)": 115.42385999999999
        },
        "http_req_receiving": {
            "p(95)": 0.178,
            "p(99)": 1.159,
            "avg": 0.13934985240689673,
            "min": 0.004,
            "med": 0.009,
            "max": 204.833,
            "p(90)": 0.048
        }
    },
    "root_group": {
        "name": "",
        "path": "",
        "id": "d41d8cd98f00b204e9800998ecf8427e",
        "groups": {},
        "checks": {
                "status is 200": {
                    "name": "status is 200",
                    "path": "::status is 200",
                    "id": "6210a8cd14cd70477eba5c5e4cb3fb5f",
                    "passes": 876058,
                    "fails": 0
                },
                "status field ok": {
                    "fails": 0,
                    "name": "status field ok",
                    "path": "::status field ok",
                    "id": "6f725f76b11777dfc61d5bb0aebe451e",
                    "passes": 876058
                }
            }
    }
}