{
    "root_group": {
        "name": "",
        "path": "",
        "id": "d41d8cd98f00b204e9800998ecf8427e",
        "groups": {},
        "checks": {
                "status is 200": {
                    "name": "status is 200",
                    "path": "::status is 200",
                    "id": "6210a8cd14cd70477eba5c5e4cb3fb5f",
                    "passes": 427128,
                    "fails": 0
                },
                "processed_name present": {
                    "id": "03a22013f2c2759212cd593a9af6b0a0",
                    "passes": 427128,
                    "fails": 0,
                    "name": "processed_name present",
                    "path": "::processed_name present"
                }
            }
    },
    "metrics": {
        "checks": {
            "passes": 854256,
            "fails": 0,
            "value": 1
        },
        "http_req_waiting": {
            "p(99)": 186.34129999999996,
            "avg": 38.590514759041575,
            "min": 0.415,
            "med": 16.468,
            "max": 590.768,
            "p(90)": 95.30130000000001,
            "p(95)": 110.21364999999997
        },
        "http_req_sending": {
            "p(99)": 0.029,
            "avg": 0.0059722987020278,
            "min": 0.002,
            "med": 0.004,
            "max": 16.365,
            "p(90)": 0.011,
            "p(95)": 0.019
        },
        "http_req_failed": {
            "passes": 0,
            "fails": 427128,
            "thresholds": {
                "rate<0.01": false
            },
            "value": 0
        },
        "http_req_tls_handshaking": {
            "med": 0,
            "max": 0,
            "p(90)": 0,
            "p(95)": 0,
            "p(99)": 0,
            "avg": 0,
            "min": 0
        },
        "data_sent": {
            "count": 96502850,
            "rate": 459523.925654196
        },
        "vus": {
            "max": 100,
            "value": 1,
            "min": 1
        },
        "http_req_connecting": {
            "med": 0,
            "max": 9.149,
            "p(90)": 0,
            "p(95)": 0,
            "p(99)": 0,
            "avg": 0.00011228015957745687,
            "min": 0
        },
        "http_reqs": {
            "count": 427128,
            "rate": 2033.8833031027107
        },
        "http_req_duration{expected_response:true}": {
            "avg": 38.61375622295829,
            "min": 0.427,
            "med": 16.49,
            "max": 590.795,
            "p(90)": 95.32130000000001,
            "p(95)": 110.24464999999998,
            "p(99)": 186.37802999999997
        },
        "data_received": {
            "count": 105700358,
            "rate": 503320.3003974898
        },
        "http_req_duration": {
            "avg": 38.61375622295829,
            "min": 0.427,
            "med": 16.49,
            "max": 590.795,
            "p(90)": 95.32130000000001,
            "p(95)": 110.24464999999998,
            "p(99)": 186.37802999999997,
            "thresholds": {
                "p(99)<2000": false
            }
        },
        "iterations": {
            "count": 427128,
            "rate": 2033.8833031027107
        },
        "http_req_blocked": {
            "p(99)": 0.004,
            "avg": 0.0010214151261399912,
            "min": 0,
            "med": 0.001,
            "max": 9.184,
            "p(90)": 0.002,
            "p(95)": 0.003
        },
        "vus_max": {
            "value": 100,
            "min": 100,
            "max": 100
        },
        "http_req_receiving": {
            "p(95)": 0.05,
            "p(99)": 0.074,
            "avg": 0.017269165215121583,
            "min": 0.004,
            "med": 0.011,
            "max": 8.959,
            "p(90)": 0.04
        },
        "iteration_duration": {
            "max": 590.836666,
            "p(90)": 95.38064170000003,
            "p(95)": 110.30062509999998,
            "p(99)": 186.42783483999997,
            "avg": 38.67024281842182,
            "min": 0.461083,
            "med": 16.546875
        }
    }
}