{
    "root_group": {
        "name": "",
        "path": "",
        "id": "d41d8cd98f00b204e9800998ecf8427e",
        "groups": {},
        "checks": {
                "status is 200": {
                    "fails": 0,
                    "name": "status is 200",
                    "path": "::status is 200",
                    "id": "6210a8cd14cd70477eba5c5e4cb3fb5f",
                    "passes": 536849
                },
                "processed_name present": {
                    "name": "processed_name present",
                    "path": "::processed_name present",
                    "id": "03a22013f2c2759212cd593a9af6b0a0",
                    "passes": 536849,
                    "fails": 0
                }
            }
    },
    "metrics": {
        "http_req_failed": {
            "passes": 0,
            "fails": 536849,
            "thresholds": {
                "rate<0.01": false
            },
            "value": 0
        },
        "data_sent": {
            "count": 121362883,
            "rate": 577910.377715269
        },
        "http_req_connecting": {
            "med": 0,
            "max": 13.109,
            "p(90)": 0,
            "p(95)": 0,
            "p(99)": 0,
            "avg": 0.0001550435969890975,
            "min": 0
        },
        "vus_max": {
            "value": 100,
            "min": 100,
            "max": 100
        },
        "vus": {
            "value": 1,
            "min": 1,
            "max": 100
        },
        "http_req_waiting": {
            "med": 11.985,
            "max": 948.932,
            "p(90)": 84.148,
            "p(95)": 95.95159999999997,
            "p(99)": 154.71611999999996,
            "avg": 30.637179542106495,
            "min": 0.376
        },
        "http_req_duration{expected_response:true}": {
            "max": 948.97,
            "p(90)": 84.19,
            "p(95)": 95.99059999999997,
            "p(99)": 154.75575999999992,
            "avg": 30.67371649197479,
            "min": 0.389,
            "med": 12.02
        },
        "data_received": {
            "count": 132888055,
            "rate": 632791.3787191216
        },
        "checks": {
            "fails": 0,
            "passes": 1073698,
            "value": 1
        },
        "http_req_tls_handshaking": {
            "med": 0,
            "max": 0,
            "p(90)": 0,
            "p(95)": 0,
            "p(99)": 0,
            "avg": 0,
            "min": 0
        },
        "http_reqs": {
            "count": 536849,
            "rate": 2556.387922706685
        },
        "iteration_duration": {
            "avg": 30.764618478615468,
            "min": 0.418792,
            "med": 12.112917,
            "max": 949.336,
            "p(90)": 84.2798082,
            "p(95)": 96.0665748,
            "p(99)": 154.84429499999993
        },
        "iterations": {
            "count": 536849,
            "rate": 2556.387922706685
        },
        "http_req_receiving": {
            "p(99)": 0.145,
            "avg": 0.026269247032236178,
            "min": 0.004,
            "med": 0.018,
            "max": 26.53,
            "p(90)": 0.034,
            "p(95)": 0.051
        },
        "http_req_duration": {
            "min": 0.389,
            "med": 12.02,
            "max": 948.97,
            "p(90)": 84.19,
            "p(95)": 95.99059999999997,
            "p(99)": 154.75575999999992,
            "avg": 30.67371649197479,
            "thresholds": {
                "p(99)<2000": false
            }
        },
        "http_req_blocked": {
            "avg": 0.0017135824039774341,
            "min": 0,
            "med": 0.001,
            "max": 13.147,
            "p(90)": 0.002,
            "p(95)": 0.003,
            "p(99)": 0.004
        },
        "http_req_sending": {
            "p(90)": 0.013,
            "p(95)": 0.018,
            "p(99)": 0.062,
            "avg": 0.010267702836347948,
            "min": 0.001,
            "med": 0.007,
            "max": 17.072
        }
    }
}