{
    "root_group": {
        "name": "",
        "path": "",
        "id": "d41d8cd98f00b204e9800998ecf8427e",
        "groups": {},
        "checks": {
                "status is 200": {
                    "name": "status is 200",
                    "path": "::status is 200",
                    "id": "6210a8cd14cd70477eba5c5e4cb3fb5f",
                    "passes": 424378,
                    "fails": 0
                },
                "processed_name present": {
                    "passes": 424378,
                    "fails": 0,
                    "name": "processed_name present",
                    "path": "::processed_name present",
                    "id": "03a22013f2c2759212cd593a9af6b0a0"
                }
            }
    },
    "metrics": {
        "http_req_sending": {
            "p(95)": 0.02,
            "p(99)": 0.03,
            "avg": 0.006159348505342238,
            "min": 0.002,
            "med": 0.004,
            "max": 1.542,
            "p(90)": 0.014
        },
        "http_req_connecting": {
            "med": 0,
            "max": 19.179,
            "p(90)": 0,
            "p(95)": 0,
            "p(99)": 0,
            "avg": 0.0001605479077614769,
            "min": 0
        },
        "vus": {
            "min": 1,
            "max": 100,
            "value": 1
        },
        "http_req_duration{expected_response:true}": {
            "min": 0.435,
            "med": 17.239,
            "max": 522.661,
            "p(90)": 95.472,
            "p(95)": 110.55914999999997,
            "p(99)": 184.75938,
            "avg": 38.86245181654122
        },
        "http_req_duration": {
            "min": 0.435,
            "med": 17.239,
            "max": 522.661,
            "p(90)": 95.472,
            "p(95)": 110.55914999999997,
            "p(99)": 184.75938,
            "avg": 38.86245181654122,
            "thresholds": {
                "p(99)<2000": false
            }
        },
        "iterations": {
            "count": 424378,
            "rate": 2020.8075396980817
        },
        "vus_max": {
            "value": 100,
            "min": 100,
            "max": 100
        },
        "http_req_waiting": {
            "med": 17.214,
            "max": 522.646,
            "p(90)": 95.4513,
            "p(95)": 110.53714999999998,
            "p(99)": 184.73714999999999,
            "avg": 38.83853137768703,
            "min": 0.426
        },
        "checks": {
            "passes": 848756,
            "fails": 0,
            "value": 1
        },
        "http_reqs": {
            "count": 424378,
            "rate": 2020.8075396980817
        },
        "http_req_failed": {
            "passes": 0,
            "fails": 424378,
            "thresholds": {
                "rate<0.01": false
            },
            "value": 0
        },
        "data_received": {
            "count": 105014103,
            "rate": 500057.2393409436
        },
        "iteration_duration": {
            "max": 522.702167,
            "p(90)": 95.5304876,
            "p(95)": 110.60977949999999,
            "p(99)": 184.81628143,
            "avg": 38.92159977974336,
            "min": 0.461167,
            "med": 17.297333
        },
        "http_req_blocked": {
            "p(95)": 0.003,
            "p(99)": 0.004,
            "avg": 0.0011034926409894013,
            "min": 0,
            "med": 0.001,
            "max": 19.223,
            "p(90)": 0.002
        },
        "data_sent": {
            "count": 95870343,
            "rate": 456516.38861543534
        },
        "http_req_tls_handshaking": {
            "avg": 0,
            "min": 0,
            "med": 0,
            "max": 0,
            "p(90)": 0,
            "p(95)": 0,
            "p(99)": 0
        },
        "http_req_receiving": {
            "max": 21.414,
            "p(90)": 0.04,
            "p(95)": 0.049,
            "p(99)": 0.073,
            "avg": 0.01776109034870846,
            "min": 0.004,
            "med": 0.011
        }
    }
}