{
  "samples": 54,
  "cpu_avg": 97.74277777777782,
  "cpu_max": 102.60,
  "mem_avg_mib": 15.905925925925926,
  "mem_max_mib": 17.97
}
