{
    "root_group": {
        "checks": {
            "status is 200": {
                "path": "::status is 200",
                "id": "6210a8cd14cd70477eba5c5e4cb3fb5f",
                "passes": 1449831,
                "fails": 0,
                "name": "status is 200"
            },
            "user id is 10": {
                "name": "user id is 10",
                "path": "::user id is 10",
                "id": "2beb7b64808ff39ee6fe91e77ced8a64",
                "passes": 1449831,
                "fails": 0
            }
        },
        "name": "",
        "path": "",
        "id": "d41d8cd98f00b204e9800998ecf8427e",
        "groups": {}
    },
    "metrics": {
        "http_reqs": {
            "count": 1449831,
            "rate": 6903.708642220827
        },
        "http_req_tls_handshaking": {
            "min": 0,
            "med": 0,
            "max": 0,
            "p(90)": 0,
            "p(95)": 0,
            "p(99)": 0,
            "avg": 0
        },
        "http_req_receiving": {
            "p(90)": 0.026,
            "p(95)": 0.039,
            "p(99)": 0.059,
            "avg": 0.013144206462634526,
            "min": -0.839,
            "med": 0.008,
            "max": 20.715
        },
        "iteration_duration": {
            "med": 7.465125,
            "max": 286.818917,
            "p(90)": 26.462333,
            "p(95)": 45.87320799999997,
            "p(99)": 62.1325588,
            "avg": 11.38685852133846,
            "min": 0.256625
        },
        "http_req_connecting": {
            "med": 0,
            "max": 12.456,
            "p(90)": 0,
            "p(95)": 0,
            "p(99)": 0,
            "avg": 0.00003529790713538336,
            "min": 0
        },
        "data_sent": {
            "count": 186979081,
            "rate": 890344.5280272032
        },
        "http_req_failed": {
            "passes": 0,
            "fails": 1449831,
            "thresholds": {
                "rate<0.01": false
            },
            "value": 0
        },
        "http_req_sending": {
            "avg": 0.004509727685527451,
            "min": 0.001,
            "med": 0.003,
            "max": 20.623,
            "p(90)": 0.008,
            "p(95)": 0.013,
            "p(99)": 0.023
        },
        "http_req_duration{expected_response:true}": {
            "max": 286.791,
            "p(90)": 26.409,
            "p(95)": 45.826,
            "p(99)": 62.07969999999999,
            "avg": 11.337205254267896,
            "min": 0.224,
            "med": 7.418
        },
        "data_received": {
            "count": 411702886,
            "rate": 1960419.3675714312
        },
        "vus_max": {
            "value": 100,
            "min": 100,
            "max": 100
        },
        "iterations": {
            "count": 1449831,
            "rate": 6903.708642220827
        },
        "vus": {
            "value": 1,
            "min": 1,
            "max": 100
        },
        "http_req_waiting": {
            "max": 286.78,
            "p(90)": 26.386,
            "p(95)": 45.81,
            "p(99)": 62.059399999999975,
            "avg": 11.31955132011934,
            "min": 0.214,
            "med": 7.401
        },
        "checks": {
            "passes": 2899662,
            "fails": 0,
            "value": 1
        },
        "http_req_duration": {
            "max": 286.791,
            "p(90)": 26.409,
            "p(95)": 45.826,
            "p(99)": 62.07969999999999,
            "avg": 11.337205254267896,
            "min": 0.224,
            "med": 7.418,
            "thresholds": {
                "p(99)<1000": false
            }
        },
        "http_req_blocked": {
            "avg": 0.0008917080680334054,
            "min": 0,
            "med": 0.001,
            "max": 12.491,
            "p(90)": 0.002,
            "p(95)": 0.002,
            "p(99)": 0.004
        }
    }
}