{
    "root_group": {
        "checks": {
            "status is 200": {
                "name": "status is 200",
                "path": "::status is 200",
                "id": "6210a8cd14cd70477eba5c5e4cb3fb5f",
                "passes": 1460827,
                "fails": 0
            },
            "user id is 10": {
                "name": "user id is 10",
                "path": "::user id is 10",
                "id": "2beb7b64808ff39ee6fe91e77ced8a64",
                "passes": 1460827,
                "fails": 0
            }
        },
        "name": "",
        "path": "",
        "id": "d41d8cd98f00b204e9800998ecf8427e",
        "groups": {}
    },
    "metrics": {
        "vus": {
            "value": 1,
            "min": 1,
            "max": 100
        },
        "http_req_sending": {
            "p(95)": 0.013,
            "p(99)": 0.022,
            "avg": 0.004409843876132712,
            "min": 0.001,
            "med": 0.003,
            "max": 16.265,
            "p(90)": 0.008
        },
        "checks": {
            "passes": 2921654,
            "fails": 0,
            "value": 1
        },
        "http_req_tls_handshaking": {
            "min": 0,
            "med": 0,
            "max": 0,
            "p(90)": 0,
            "p(95)": 0,
            "p(99)": 0,
            "avg": 0
        },
        "data_received": {
            "count": 414833894,
            "rate": 1975359.3013795484
        },
        "vus_max": {
            "value": 100,
            "min": 100,
            "max": 100
        },
        "iteration_duration": {
            "p(99)": 61.514515159999995,
            "avg": 11.301142379436678,
            "min": 0.261375,
            "med": 7.5505,
            "max": 467.871875,
            "p(90)": 24.917333,
            "p(95)": 44.85978289999999
        },
        "http_reqs": {
            "count": 1460827,
            "rate": 6956.177505969128
        },
        "http_req_duration{expected_response:true}": {
            "avg": 11.25235109838457,
            "min": 0.237,
            "med": 7.503,
            "max": 467.8,
            "p(90)": 24.86140000000003,
            "p(95)": 44.80869999999993,
            "p(99)": 61.46073999999999
        },
        "http_req_waiting": {
            "min": 0.227,
            "med": 7.487,
            "max": 467.777,
            "p(90)": 24.838,
            "p(95)": 44.79069999999993,
            "p(99)": 61.44473999999999,
            "avg": 11.234608976970254
        },
        "http_req_duration": {
            "med": 7.503,
            "max": 467.8,
            "p(90)": 24.86140000000003,
            "p(95)": 44.80869999999993,
            "p(99)": 61.46073999999999,
            "avg": 11.25235109838457,
            "min": 0.237,
            "thresholds": {
                "p(99)<1000": false
            }
        },
        "http_req_receiving": {
            "med": 0.008,
            "max": 17.547,
            "p(90)": 0.026,
            "p(95)": 0.039,
            "p(99)": 0.058,
            "avg": 0.01333227753865014,
            "min": 0.004
        },
        "data_sent": {
            "count": 188405709,
            "rate": 897151.7879543336
        },
        "iterations": {
            "count": 1460827,
            "rate": 6956.177505969128
        },
        "http_req_blocked": {
            "med": 0.001,
            "max": 12.204,
            "p(90)": 0.002,
            "p(95)": 0.002,
            "p(99)": 0.004,
            "avg": 0.0008666488228821763,
            "min": 0
        },
        "http_req_connecting": {
            "avg": 0.000032487077525264795,
            "min": 0,
            "med": 0,
            "max": 12.166,
            "p(90)": 0,
            "p(95)": 0,
            "p(99)": 0
        },
        "http_req_failed": {
            "passes": 0,
            "fails": 1460827,
            "thresholds": {
                "rate<0.01": false
            },
            "value": 0
        }
    }
}