{
    "root_group": {
        "groups": {},
        "checks": {
                "status is 200": {
                    "name": "status is 200",
                    "path": "::status is 200",
                    "id": "6210a8cd14cd70477eba5c5e4cb3fb5f",
                    "passes": 1577550,
                    "fails": 0
                },
                "user id is 10": {
                    "name": "user id is 10",
                    "path": "::user id is 10",
                    "id": "2beb7b64808ff39ee6fe91e77ced8a64",
                    "passes": 1577550,
                    "fails": 0
                }
            },
        "name": "",
        "path": "",
        "id": "d41d8cd98f00b204e9800998ecf8427e"
    },
    "metrics": {
        "data_sent": {
            "count": 203549912,
            "rate": 969250.8499090816
        },
        "http_req_sending": {
            "avg": 0.004490822477930614,
            "min": 0.001,
            "med": 0.003,
            "max": 15.83,
            "p(90)": 0.008,
            "p(95)": 0.013,
            "p(99)": 0.021
        },
        "http_req_receiving": {
            "avg": 0.0132235441031844,
            "min": 0.004,
            "med": 0.008,
            "max": 27.514,
            "p(90)": 0.024,
            "p(95)": 0.036,
            "p(99)": 0.056
        },
        "iteration_duration": {
            "p(90)": 22.313387500000005,
            "p(95)": 44.24650829999999,
            "p(99)": 60.340293169999995,
            "avg": 10.465337454096623,
            "min": 0.260375,
            "med": 6.813291,
            "max": 162.307042
        },
        "checks": {
            "fails": 0,
            "passes": 3155100,
            "value": 1
        },
        "http_req_duration{expected_response:true}": {
            "med": 6.766,
            "max": 162.266,
            "p(90)": 22.249100000000034,
            "p(95)": 44.189549999999926,
            "p(99)": 60.286509999999986,
            "avg": 10.4153444353588,
            "min": 0.232
        },
        "http_req_failed": {
            "passes": 0,
            "fails": 1577550,
            "thresholds": {
                "rate<0.01": false
            },
            "value": 0
        },
        "vus": {
            "value": 1,
            "min": 1,
            "max": 100
        },
        "http_reqs": {
            "count": 1577550,
            "rate": 7511.875899381728
        },
        "data_received": {
            "count": 448070162,
            "rate": 2133591.6143132495
        },
        "http_req_tls_handshaking": {
            "avg": 0,
            "min": 0,
            "med": 0,
            "max": 0,
            "p(90)": 0,
            "p(95)": 0,
            "p(99)": 0
        },
        "http_req_connecting": {
            "p(99)": 0,
            "avg": 0.000027386136731006923,
            "min": 0,
            "med": 0,
            "max": 3.151,
            "p(90)": 0,
            "p(95)": 0
        },
        "iterations": {
            "count": 1577550,
            "rate": 7511.875899381728
        },
        "http_req_waiting": {
            "p(99)": 60.269,
            "avg": 10.39763006877741,
            "min": 0.219,
            "med": 6.75,
            "max": 162.251,
            "p(90)": 22.226100000000034,
            "p(95)": 44.166
        },
        "http_req_duration": {
            "p(99)": 60.286509999999986,
            "avg": 10.4153444353588,
            "min": 0.232,
            "med": 6.766,
            "max": 162.266,
            "p(90)": 22.249100000000034,
            "p(95)": 44.189549999999926,
            "thresholds": {
                "p(99)<1000": false
            }
        },
        "http_req_blocked": {
            "max": 9.742,
            "p(90)": 0.002,
            "p(95)": 0.002,
            "p(99)": 0.004,
            "avg": 0.0008734962441654577,
            "min": 0,
            "med": 0.001
        },
        "vus_max": {
            "max": 100,
            "value": 100,
            "min": 100
        }
    }
}