{
  "samples": 54,
  "cpu_avg": 101.15425925925928,
  "cpu_max": 109.47,
  "mem_avg_mib": 18.491296296296294,
  "mem_max_mib": 19.85
}
