{
    "root_group": {
        "name": "",
        "path": "",
        "id": "d41d8cd98f00b204e9800998ecf8427e",
        "groups": {},
        "checks": {
                "status is 201": {
                    "fails": 0,
                    "name": "status is 201",
                    "path": "::status is 201",
                    "id": "ec8c9afd59577ad0eb26fbf150ecf791",
                    "passes": 373447
                },
                "customer id matches": {
                    "path": "::customer id matches",
                    "id": "f0c0cde98ae16a97035c76c72ddcc3c4",
                    "passes": 373447,
                    "fails": 0,
                    "name": "customer id matches"
                }
            }
    },
    "metrics": {
        "http_req_connecting": {
            "avg": 0.0001631181934785926,
            "min": 0,
            "med": 0,
            "max": 12.969,
            "p(90)": 0,
            "p(95)": 0,
            "p(99)": 0
        },
        "data_received": {
            "count": 148997212,
            "rate": 709499.7050164067
        },
        "vus": {
            "min": 1,
            "max": 100,
            "value": 1
        },
        "checks": {
            "fails": 0,
            "passes": 746894,
            "value": 1
        },
        "http_reqs": {
            "count": 373447,
            "rate": 1778.2919074973165
        },
        "http_req_waiting": {
            "p(95)": 97.90769999999998,
            "p(99)": 154.25767999999985,
            "avg": 44.11103468229605,
            "min": 0.906,
            "med": 34.095,
            "max": 713.391,
            "p(90)": 86.044
        },
        "http_req_failed": {
            "passes": 0,
            "fails": 373447,
            "thresholds": {
                "rate<0.02": false
            },
            "value": 0
        },
        "http_req_receiving": {
            "med": 0.013,
            "max": 9.656,
            "p(90)": 0.044,
            "p(95)": 0.055,
            "p(99)": 0.086,
            "avg": 0.020354521525148,
            "min": 0.005
        },
        "iteration_duration": {
            "p(90)": 86.1608246,
            "p(95)": 98.01912499999997,
            "p(99)": 154.44781085999998,
            "avg": 44.220696333983135,
            "min": 0.973792,
            "med": 34.205458,
            "max": 713.660541
        },
        "http_req_duration": {
            "avg": 44.139145436970054,
            "min": 0.925,
            "med": 34.125,
            "max": 713.421,
            "p(90)": 86.077,
            "p(95)": 97.93569999999998,
            "p(99)": 154.29463999999993,
            "thresholds": {
                "p(99)<3000": false
            }
        },
        "vus_max": {
            "max": 100,
            "value": 100,
            "min": 100
        },
        "http_req_sending": {
            "avg": 0.007756233146874492,
            "min": 0.002,
            "med": 0.005,
            "max": 14.315,
            "p(90)": 0.016,
            "p(95)": 0.022,
            "p(99)": 0.031
        },
        "http_req_blocked": {
            "p(90)": 0.002,
            "p(95)": 0.003,
            "p(99)": 0.005,
            "avg": 0.0013284669578218435,
            "min": 0,
            "med": 0.001,
            "max": 13.003
        },
        "http_req_duration{expected_response:true}": {
            "p(90)": 86.077,
            "p(95)": 97.93569999999998,
            "p(99)": 154.29463999999993,
            "avg": 44.139145436970054,
            "min": 0.925,
            "med": 34.125,
            "max": 713.421
        },
        "http_req_tls_handshaking": {
            "max": 0,
            "p(90)": 0,
            "p(95)": 0,
            "p(99)": 0,
            "avg": 0,
            "min": 0,
            "med": 0
        },
        "data_sent": {
            "count": 139702972,
            "rate": 665242.0947575538
        },
        "iterations": {
            "count": 373447,
            "rate": 1778.2919074973165
        }
    }
}