{
  "samples": 54,
  "cpu_avg": 101.7862962962963,
  "cpu_max": 113.36,
  "mem_avg_mib": 20.375370370370373,
  "mem_max_mib": 21.6
}
