{
  "samples": 54,
  "cpu_avg": 100.68703703703704,
  "cpu_max": 108.99,
  "mem_avg_mib": 13.075370370370369,
  "mem_max_mib": 14.62
}
