{
    "root_group": {
        "id": "d41d8cd98f00b204e9800998ecf8427e",
        "groups": {},
        "checks": {
                "status is 200": {
                    "path": "::status is 200",
                    "id": "6210a8cd14cd70477eba5c5e4cb3fb5f",
                    "passes": 1661236,
                    "fails": 0,
                    "name": "status is 200"
                },
                "status field ok": {
                    "name": "status field ok",
                    "path": "::status field ok",
                    "id": "6f725f76b11777dfc61d5bb0aebe451e",
                    "passes": 1661236,
                    "fails": 0
                }
            },
        "name": "",
        "path": ""
    },
    "metrics": {
        "http_req_receiving": {
            "p(99)": 0.057,
            "avg": 0.013685210289276927,
            "min": 0.004,
            "med": 0.008,
            "max": 54.135,
            "p(90)": 0.026,
            "p(95)": 0.037
        },
        "http_req_waiting": {
            "min": 0.185,
            "med": 6.729,
            "max": 384.581,
            "p(90)": 19.025500000000036,
            "p(95)": 42.399,
            "p(99)": 55.99964999999999,
            "avg": 9.866186959589303
        },
        "data_sent": {
            "count": 3614934809,
            "rate": 17214211.52551246
        },
        "http_req_failed": {
            "fails": 1661236,
            "passes": 0,
            "thresholds": {
                "rate<0.01": false
            },
            "value": 0
        },
        "vus_max": {
            "value": 100,
            "min": 100,
            "max": 100
        },
        "checks": {
            "passes": 3322472,
            "fails": 0,
            "value": 1
        },
        "http_req_connecting": {
            "med": 0,
            "max": 4.742,
            "p(90)": 0,
            "p(95)": 0,
            "p(99)": 0,
            "avg": 0.000024749042279363085,
            "min": 0
        },
        "data_received": {
            "count": 295785281,
            "rate": 1408520.668364601
        },
        "http_req_duration": {
            "avg": 9.885785215346049,
            "min": 0.194,
            "med": 6.747,
            "max": 384.612,
            "p(90)": 19.056,
            "p(95)": 42.42,
            "p(99)": 56.025,
            "thresholds": {
                "p(99)<1500": false
            }
        },
        "http_req_tls_handshaking": {
            "avg": 0,
            "min": 0,
            "med": 0,
            "max": 0,
            "p(90)": 0,
            "p(95)": 0,
            "p(99)": 0
        },
        "iteration_duration": {
            "p(90)": 19.122812500000006,
            "p(95)": 42.477458,
            "p(99)": 56.085510199999995,
            "avg": 9.937877604328705,
            "min": 0.220625,
            "med": 6.797708,
            "max": 384.69925
        },
        "http_req_blocked": {
            "p(95)": 0.002,
            "p(99)": 0.004,
            "avg": 0.0008815526511476648,
            "min": 0,
            "med": 0.001,
            "max": 4.782,
            "p(90)": 0.002
        },
        "vus": {
            "value": 1,
            "min": 1,
            "max": 100
        },
        "http_reqs": {
            "count": 1661236,
            "rate": 7910.756184758688
        },
        "http_req_duration{expected_response:true}": {
            "max": 384.612,
            "p(90)": 19.056,
            "p(95)": 42.42,
            "p(99)": 56.025,
            "avg": 9.885785215346049,
            "min": 0.194,
            "med": 6.747
        },
        "http_req_sending": {
            "p(99)": 0.028,
            "avg": 0.005913045467379631,
            "min": 0.001,
            "med": 0.003,
            "max": 21.17,
            "p(90)": 0.012,
            "p(95)": 0.017
        },
        "iterations": {
            "count": 1661236,
            "rate": 7910.756184758688
        }
    }
}