{
    "root_group": {
        "groups": {},
        "checks": {
                "status is 200": {
                    "path": "::status is 200",
                    "id": "6210a8cd14cd70477eba5c5e4cb3fb5f",
                    "passes": 1536725,
                    "fails": 0,
                    "name": "status is 200"
                },
                "status field ok": {
                    "name": "status field ok",
                    "path": "::status field ok",
                    "id": "6f725f76b11777dfc61d5bb0aebe451e",
                    "passes": 1536725,
                    "fails": 0
                }
            },
        "name": "",
        "path": "",
        "id": "d41d8cd98f00b204e9800998ecf8427e"
    },
    "metrics": {
        "http_req_connecting": {
            "max": 15.92,
            "p(90)": 0,
            "p(95)": 0,
            "p(99)": 0,
            "avg": 0.00003537653125965934,
            "min": 0,
            "med": 0
        },
        "iterations": {
            "count": 1536725,
            "rate": 7317.641711442981
        },
        "data_sent": {
            "count": 3343917666,
            "rate": 15923207.72574967
        },
        "vus_max": {
            "value": 100,
            "min": 100,
            "max": 100
        },
        "http_req_duration": {
            "avg": 10.691313234964113,
            "min": 0.176,
            "med": 6.911,
            "max": 167.148,
            "p(90)": 25.492600000000035,
            "p(95)": 45.187,
            "p(99)": 57.893,
            "thresholds": {
                "p(99)<1500": false
            }
        },
        "checks": {
            "passes": 3073450,
            "fails": 0,
            "value": 1
        },
        "http_req_waiting": {
            "max": 167.129,
            "p(90)": 25.467,
            "p(95)": 45.168,
            "p(99)": 57.874,
            "avg": 10.671593370967802,
            "min": 0.168,
            "med": 6.894
        },
        "iteration_duration": {
            "p(95)": 45.2378666,
            "p(99)": 57.94481807999999,
            "avg": 10.74256588432699,
            "min": 0.1995,
            "med": 6.959083,
            "max": 167.227208,
            "p(90)": 25.556358200000002
        },
        "http_req_duration{expected_response:true}": {
            "p(90)": 25.492600000000035,
            "p(95)": 45.187,
            "p(99)": 57.893,
            "avg": 10.691313234964113,
            "min": 0.176,
            "med": 6.911,
            "max": 167.148
        },
        "data_received": {
            "rate": 1302559.586286592,
            "count": 273541116
        },
        "http_req_failed": {
            "passes": 0,
            "fails": 1536725,
            "thresholds": {
                "rate<0.01": false
            },
            "value": 0
        },
        "http_req_blocked": {
            "max": 16.244,
            "p(90)": 0.002,
            "p(95)": 0.003,
            "p(99)": 0.004,
            "avg": 0.000917283183382177,
            "min": 0,
            "med": 0.001
        },
        "http_reqs": {
            "count": 1536725,
            "rate": 7317.641711442981
        },
        "http_req_sending": {
            "p(95)": 0.017,
            "p(99)": 0.029,
            "avg": 0.006012151165635765,
            "min": 0.002,
            "med": 0.003,
            "max": 16.182,
            "p(90)": 0.012
        },
        "vus": {
            "value": 1,
            "min": 1,
            "max": 100
        },
        "http_req_receiving": {
            "avg": 0.01370771283081446,
            "min": 0.004,
            "med": 0.008,
            "max": 19.965,
            "p(90)": 0.026,
            "p(95)": 0.037,
            "p(99)": 0.059
        },
        "http_req_tls_handshaking": {
            "p(99)": 0,
            "avg": 0,
            "min": 0,
            "med": 0,
            "max": 0,
            "p(90)": 0,
            "p(95)": 0
        }
    }
}