{
  "samples": 53,
  "cpu_avg": 45.21207547169813,
  "cpu_max": 54.68,
  "mem_avg_mib": 10.500075471698114,
  "mem_max_mib": 12.81
}
