{
    "metrics": {
        "http_req_tls_handshaking": {
            "avg": 0,
            "min": 0,
            "med": 0,
            "max": 0,
            "p(90)": 0,
            "p(95)": 0,
            "p(99)": 0
        },
        "iteration_duration": {
            "max": 76.780542,
            "p(90)": 7.600666,
            "p(95)": 8.737083499999999,
            "p(99)": 13.769125,
            "avg": 4.92437367474142,
            "min": 0.160833,
            "med": 4.860417
        },
        "http_req_duration": {
            "med": 4.812,
            "max": 76.66,
            "p(90)": 7.547,
            "p(95)": 8.676,
            "p(99)": 13.66689999999997,
            "avg": 4.8746308475315425,
            "min": 0.138,
            "thresholds": {
                "p(99)<1000": false
            }
        },
        "http_req_waiting": {
            "avg": 4.854511606177124,
            "min": 0.13,
            "med": 4.794,
            "max": 76.649,
            "p(90)": 7.525,
            "p(95)": 8.649,
            "p(99)": 13.589
        },
        "http_req_blocked": {
            "avg": 0.0010055803148592366,
            "min": 0,
            "med": 0.001,
            "max": 21.007,
            "p(90)": 0.002,
            "p(95)": 0.002,
            "p(99)": 0.004
        },
        "vus_max": {
            "value": 100,
            "min": 100,
            "max": 100
        },
        "http_req_failed": {
            "passes": 0,
            "fails": 3349811,
            "thresholds": {
                "rate<0.01": false
            },
            "value": 0
        },
        "http_req_receiving": {
            "p(90)": 0.023,
            "p(95)": 0.033,
            "p(99)": 0.08,
            "avg": 0.014789665446851584,
            "min": 0.004,
            "med": 0.008,
            "max": 20.587
        },
        "http_reqs": {
            "count": 3349811,
            "rate": 15951.691286824635
        },
        "http_req_sending": {
            "max": 17.549,
            "p(90)": 0.008,
            "p(95)": 0.012,
            "p(99)": 0.037,
            "avg": 0.0053295759076328756,
            "min": 0.001,
            "med": 0.003
        },
        "checks": {
            "passes": 6699622,
            "fails": 0,
            "value": 1
        },
        "http_req_connecting": {
            "p(90)": 0,
            "p(95)": 0,
            "p(99)": 0,
            "avg": 0.00001756457304606141,
            "min": 0,
            "med": 0,
            "max": 20.975
        },
        "data_sent": {
            "count": 480377189,
            "rate": 2287540.5866661165
        },
        "http_req_duration{expected_response:true}": {
            "p(90)": 7.547,
            "p(95)": 8.676,
            "p(99)": 13.66689999999997,
            "avg": 4.8746308475315425,
            "min": 0.138,
            "med": 4.812,
            "max": 76.66
        },
        "data_received": {
            "count": 621069251,
            "rate": 2957511.620712751
        },
        "iterations": {
            "count": 3349811,
            "rate": 15951.691286824635
        },
        "vus": {
            "min": 1,
            "max": 100,
            "value": 1
        }
    },
    "root_group": {
        "name": "",
        "path": "",
        "id": "d41d8cd98f00b204e9800998ecf8427e",
        "groups": {},
        "checks": {
                "status is 200": {
                    "fails": 0,
                    "name": "status is 200",
                    "path": "::status is 200",
                    "id": "6210a8cd14cd70477eba5c5e4cb3fb5f",
                    "passes": 3349811
                },
                "body is hello world": {
                    "id": "db256fa93e36a4d0f1f90c80dfa61eec",
                    "passes": 3349811,
                    "fails": 0,
                    "name": "body is hello world",
                    "path": "::body is hello world"
                }
            }
    }
}