{
    "root_group": {
        "name": "",
        "path": "",
        "id": "d41d8cd98f00b204e9800998ecf8427e",
        "groups": {},
        "checks": {
                "status is 200": {
                    "name": "status is 200",
                    "path": "::status is 200",
                    "id": "6210a8cd14cd70477eba5c5e4cb3fb5f",
                    "passes": 3173093,
                    "fails": 0
                },
                "body is hello world": {
                    "name": "body is hello world",
                    "path": "::body is hello world",
                    "id": "db256fa93e36a4d0f1f90c80dfa61eec",
                    "passes": 3173093,
                    "fails": 0
                }
            }
    },
    "metrics": {
        "iteration_duration": {
            "p(99)": 17.81389499999999,
            "avg": 5.199173213844773,
            "min": 0.159875,
            "med": 4.794458,
            "max": 209.060042,
            "p(90)": 8.613625,
            "p(95)": 10.471958
        },
        "iterations": {
            "count": 3173093,
            "rate": 15109.770527454963
        },
        "checks": {
            "passes": 6346186,
            "fails": 0,
            "value": 1
        },
        "http_req_duration": {
            "max": 209.016,
            "p(90)": 8.559,
            "p(95)": 10.41,
            "p(99)": 17.746,
            "avg": 5.1516644469607655,
            "min": 0.139,
            "med": 4.749,
            "thresholds": {
                "p(99)<1000": false
            }
        },
        "http_req_receiving": {
            "med": 0.007,
            "max": 37.828,
            "p(90)": 0.024,
            "p(95)": 0.033,
            "p(99)": 0.078,
            "avg": 0.01427911851315721,
            "min": 0.003
        },
        "vus_max": {
            "value": 100,
            "min": 100,
            "max": 100
        },
        "http_req_duration{expected_response:true}": {
            "avg": 5.1516644469607655,
            "min": 0.139,
            "med": 4.749,
            "max": 209.016,
            "p(90)": 8.559,
            "p(95)": 10.41,
            "p(99)": 17.746
        },
        "http_req_sending": {
            "max": 17.325,
            "p(90)": 0.008,
            "p(95)": 0.012,
            "p(99)": 0.034,
            "avg": 0.005152995831077902,
            "min": 0.001,
            "med": 0.002
        },
        "http_req_blocked": {
            "avg": 0.0009759427158520505,
            "min": 0,
            "med": 0.001,
            "max": 13.6,
            "p(90)": 0.002,
            "p(95)": 0.002,
            "p(99)": 0.004
        },
        "http_reqs": {
            "count": 3173093,
            "rate": 15109.770527454963
        },
        "http_req_waiting": {
            "min": 0.131,
            "med": 4.731,
            "max": 209.002,
            "p(90)": 8.536,
            "p(95)": 10.381,
            "p(99)": 17.701,
            "avg": 5.132232332616878
        },
        "data_sent": {
            "count": 454969923,
            "rate": 2166495.3196845646
        },
        "http_req_failed": {
            "passes": 0,
            "fails": 3173093,
            "thresholds": {
                "rate<0.01": false
            },
            "value": 0
        },
        "http_req_tls_handshaking": {
            "p(99)": 0,
            "avg": 0,
            "min": 0,
            "med": 0,
            "max": 0,
            "p(90)": 0,
            "p(95)": 0
        },
        "http_req_connecting": {
            "max": 13.567,
            "p(90)": 0,
            "p(95)": 0,
            "p(99)": 0,
            "avg": 0.00001688195082841883,
            "min": 0,
            "med": 0
        },
        "vus": {
            "value": 1,
            "min": 1,
            "max": 100
        },
        "data_received": {
            "count": 588239829,
            "rate": 2801105.681837673
        }
    }
}