{
    "root_group": {
        "name": "",
        "path": "",
        "id": "d41d8cd98f00b204e9800998ecf8427e",
        "groups": {},
        "checks": {
                "status is 200": {
                    "fails": 0,
                    "name": "status is 200",
                    "path": "::status is 200",
                    "id": "6210a8cd14cd70477eba5c5e4cb3fb5f",
                    "passes": 3404618
                },
                "body is hello world": {
                    "name": "body is hello world",
                    "path": "::body is hello world",
                    "id": "db256fa93e36a4d0f1f90c80dfa61eec",
                    "passes": 3404618,
                    "fails": 0
                }
            }
    },
    "metrics": {
        "http_req_duration": {
            "max": 220.794,
            "p(90)": 7.694,
            "p(95)": 9.152,
            "p(99)": 14.681,
            "avg": 4.797685374394069,
            "min": 0.134,
            "med": 4.536,
            "thresholds": {
                "p(99)<1000": false
            }
        },
        "iterations": {
            "count": 3404618,
            "rate": 16211.928044657298
        },
        "http_req_blocked": {
            "max": 12.48,
            "p(90)": 0.002,
            "p(95)": 0.002,
            "p(99)": 0.004,
            "avg": 0.000968411140425202,
            "min": 0,
            "med": 0.001
        },
        "checks": {
            "passes": 6809236,
            "fails": 0,
            "value": 1
        },
        "data_received": {
            "count": 631261219,
            "rate": 3005905.9371156036
        },
        "vus": {
            "value": 1,
            "min": 1,
            "max": 100
        },
        "iteration_duration": {
            "avg": 4.845068780449223,
            "min": 0.15425,
            "med": 4.582583,
            "max": 220.820041,
            "p(90)": 7.745791,
            "p(95)": 9.21120815,
            "p(99)": 14.757443889999998
        },
        "http_req_waiting": {
            "p(90)": 7.673,
            "p(95)": 9.127,
            "p(99)": 14.631829999999969,
            "avg": 4.778552853800072,
            "min": 0.125,
            "med": 4.519,
            "max": 220.786
        },
        "http_reqs": {
            "count": 3404618,
            "rate": 16211.928044657298
        },
        "http_req_failed": {
            "passes": 0,
            "fails": 3404618,
            "thresholds": {
                "rate<0.01": false
            },
            "value": 0
        },
        "http_req_receiving": {
            "avg": 0.013977833342902675,
            "min": 0.003,
            "med": 0.007,
            "max": 84.832,
            "p(90)": 0.024,
            "p(95)": 0.033,
            "p(99)": 0.073
        },
        "http_req_duration{expected_response:true}": {
            "p(95)": 9.152,
            "p(99)": 14.681,
            "avg": 4.797685374394069,
            "min": 0.134,
            "med": 4.536,
            "max": 220.794,
            "p(90)": 7.694
        },
        "http_req_tls_handshaking": {
            "max": 0,
            "p(90)": 0,
            "p(95)": 0,
            "p(99)": 0,
            "avg": 0,
            "min": 0,
            "med": 0
        },
        "http_req_connecting": {
            "p(90)": 0,
            "p(95)": 0,
            "p(99)": 0,
            "avg": 0.000009027738207340735,
            "min": 0,
            "med": 0,
            "max": 1.868
        },
        "data_sent": {
            "count": 488267263,
            "rate": 2325004.959239997
        },
        "http_req_sending": {
            "avg": 0.005154687251469788,
            "min": 0.001,
            "med": 0.003,
            "max": 23.953,
            "p(90)": 0.008,
            "p(95)": 0.012,
            "p(99)": 0.035
        },
        "vus_max": {
            "value": 100,
            "min": 100,
            "max": 100
        }
    }
}