{
    "root_group": {
        "id": "d41d8cd98f00b204e9800998ecf8427e",
        "groups": {},
        "checks": {
                "status is 200": {
                    "name": "status is 200",
                    "path": "::status is 200",
                    "id": "6210a8cd14cd70477eba5c5e4cb3fb5f",
                    "passes": 102108,
                    "fails": 0
                },
                "processed_name present": {
                    "name": "processed_name present",
                    "path": "::processed_name present",
                    "id": "03a22013f2c2759212cd593a9af6b0a0",
                    "passes": 102108,
                    "fails": 0
                }
            },
        "name": "",
        "path": ""
    },
    "metrics": {
        "http_req_connecting": {
            "avg": 0.000609452736318408,
            "min": 0,
            "med": 0,
            "max": 5.234,
            "p(90)": 0,
            "p(95)": 0,
            "p(99)": 0
        },
        "iterations": {
            "count": 102108,
            "rate": 486.21784222151973
        },
        "vus": {
            "value": 1,
            "min": 1,
            "max": 100
        },
        "http_req_duration{expected_response:true}": {
            "med": 179.98450000000003,
            "max": 989.735,
            "p(90)": 302.0566,
            "p(95)": 389.84295,
            "p(99)": 497.6403,
            "avg": 161.67734563403488,
            "min": 1.369
        },
        "iteration_duration": {
            "p(90)": 302.1828124,
            "p(95)": 389.964208,
            "p(99)": 497.83929624999996,
            "avg": 161.8080464503273,
            "min": 1.442083,
            "med": 180.15966650000001,
            "max": 989.757291
        },
        "http_req_failed": {
            "fails": 102108,
            "passes": 0,
            "thresholds": {
                "rate<0.01": false
            },
            "value": 0
        },
        "http_req_blocked": {
            "max": 5.34,
            "p(90)": 0.003,
            "p(95)": 0.004,
            "p(99)": 0.007,
            "avg": 0.003018823206801893,
            "min": 0,
            "med": 0.002
        },
        "vus_max": {
            "value": 100,
            "min": 100,
            "max": 100
        },
        "http_req_duration": {
            "p(95)": 389.84295,
            "p(99)": 497.6403,
            "avg": 161.67734563403488,
            "min": 1.369,
            "med": 179.98450000000003,
            "max": 989.735,
            "p(90)": 302.0566,
            "thresholds": {
                "p(99)<2000": false
            }
        },
        "http_req_receiving": {
            "p(99)": 0.23492999999999908,
            "avg": 0.03482272691659257,
            "min": 0.004,
            "med": 0.021,
            "max": 13.416,
            "p(90)": 0.05,
            "p(95)": 0.076
        },
        "data_sent": {
            "count": 22927655,
            "rate": 109176.90035354171
        },
        "checks": {
            "passes": 204216,
            "fails": 0,
            "value": 1
        },
        "http_req_sending": {
            "p(99)": 0.093,
            "avg": 0.014280986798293578,
            "min": 0.002,
            "med": 0.009,
            "max": 16.636,
            "p(90)": 0.02,
            "p(95)": 0.025
        },
        "http_req_waiting": {
            "med": 179.892,
            "max": 989.725,
            "p(90)": 302.0203,
            "p(95)": 389.7993,
            "p(99)": 497.59640999999993,
            "avg": 161.62824192031908,
            "min": 1.338
        },
        "http_reqs": {
            "count": 102108,
            "rate": 486.21784222151973
        },
        "http_req_tls_handshaking": {
            "avg": 0,
            "min": 0,
            "med": 0,
            "max": 0,
            "p(90)": 0,
            "p(95)": 0,
            "p(99)": 0
        },
        "data_received": {
            "count": 22849043,
            "rate": 108802.56575671563
        }
    }
}