{
    "root_group": {
        "checks": {
            "status is 200": {
                "name": "status is 200",
                "path": "::status is 200",
                "id": "6210a8cd14cd70477eba5c5e4cb3fb5f",
                "passes": 77743,
                "fails": 0
            },
            "processed_name present": {
                "id": "03a22013f2c2759212cd593a9af6b0a0",
                "passes": 77743,
                "fails": 0,
                "name": "processed_name present",
                "path": "::processed_name present"
            }
        },
        "name": "",
        "path": "",
        "id": "d41d8cd98f00b204e9800998ecf8427e",
        "groups": {}
    },
    "metrics": {
        "http_req_tls_handshaking": {
            "med": 0,
            "max": 0,
            "p(90)": 0,
            "p(95)": 0,
            "p(99)": 0,
            "avg": 0,
            "min": 0
        },
        "vus_max": {
            "min": 100,
            "max": 100,
            "value": 100
        },
        "vus": {
            "min": 1,
            "max": 100,
            "value": 1
        },
        "http_req_failed": {
            "passes": 0,
            "fails": 77743,
            "thresholds": {
                "rate<0.01": false
            },
            "value": 0
        },
        "http_reqs": {
            "count": 77743,
            "rate": 370.19782510265816
        },
        "http_req_duration{expected_response:true}": {
            "p(95)": 496.6739,
            "p(99)": 686.3132399999998,
            "avg": 212.3957271780089,
            "min": 1.321,
            "med": 198.41,
            "max": 1696.697,
            "p(90)": 401.238
        },
        "data_sent": {
            "count": 17438045,
            "rate": 83036.7535732128
        },
        "http_req_connecting": {
            "med": 0,
            "max": 6.039,
            "p(90)": 0,
            "p(95)": 0,
            "p(99)": 0,
            "avg": 0.0007456362630719163,
            "min": 0
        },
        "http_req_receiving": {
            "max": 12.559,
            "p(90)": 0.047,
            "p(95)": 0.07,
            "p(99)": 0.18,
            "avg": 0.03121631529526977,
            "min": 0.004,
            "med": 0.016
        },
        "iterations": {
            "count": 77743,
            "rate": 370.19782510265816
        },
        "http_req_sending": {
            "med": 0.006,
            "max": 19.002,
            "p(90)": 0.018,
            "p(95)": 0.023,
            "p(99)": 0.053,
            "avg": 0.011450136989828085,
            "min": 0.002
        },
        "http_req_waiting": {
            "p(90)": 401.19059999999996,
            "p(95)": 496.646,
            "p(99)": 686.2672199999998,
            "avg": 212.35306072572385,
            "min": 1.309,
            "med": 198.353,
            "max": 1696.645
        },
        "http_req_duration": {
            "max": 1696.697,
            "p(90)": 401.238,
            "p(95)": 496.6739,
            "p(99)": 686.3132399999998,
            "avg": 212.3957271780089,
            "min": 1.321,
            "med": 198.41,
            "thresholds": {
                "p(99)<2000": false
            }
        },
        "http_req_blocked": {
            "min": 0,
            "med": 0.001,
            "max": 9.216,
            "p(90)": 0.003,
            "p(95)": 0.004,
            "p(99)": 0.006,
            "avg": 0.0028417478100944203
        },
        "checks": {
            "passes": 155486,
            "fails": 0,
            "value": 1
        },
        "data_received": {
            "rate": 82795.55333094115,
            "count": 17387392
        },
        "iteration_duration": {
            "avg": 212.50176459257895,
            "min": 1.351625,
            "med": 198.513166,
            "max": 1696.789625,
            "p(90)": 401.31974180000003,
            "p(95)": 496.7737589999999,
            "p(99)": 686.4402656399999
        }
    }
}