{
  "samples": 54,
  "cpu_avg": 98.74018518518518,
  "cpu_max": 109.69,
  "mem_avg_mib": 75.36722222222222,
  "mem_max_mib": 108.6
}
