{
    "metrics": {
        "vus": {
            "value": 1,
            "min": 1,
            "max": 100
        },
        "data_sent": {
            "count": 80426694,
            "rate": 382975.48518055375
        },
        "http_req_waiting": {
            "avg": 26.32100971050661,
            "min": 0.37,
            "med": 10.497,
            "max": 2214.083,
            "p(90)": 76.43,
            "p(95)": 82.497,
            "p(99)": 97.48464999999997
        },
        "http_reqs": {
            "count": 625508,
            "rate": 2978.5413010302004
        },
        "http_req_connecting": {
            "p(95)": 0,
            "p(99)": 0,
            "avg": 0.00007659374460438557,
            "min": 0,
            "med": 0,
            "max": 7.754,
            "p(90)": 0
        },
        "http_req_receiving": {
            "max": 38.335,
            "p(90)": 0.029,
            "p(95)": 0.043,
            "p(99)": 0.089,
            "avg": 0.018149926139981953,
            "min": 0.004,
            "med": 0.009
        },
        "http_req_duration{expected_response:true}": {
            "med": 10.517,
            "max": 2214.096,
            "p(90)": 76.456,
            "p(95)": 82.522,
            "p(99)": 97.53093,
            "avg": 26.344483555766534,
            "min": 0.382
        },
        "http_req_blocked": {
            "avg": 0.0010923105699604274,
            "min": 0,
            "med": 0.001,
            "max": 21.855,
            "p(90)": 0.002,
            "p(95)": 0.003,
            "p(99)": 0.004
        },
        "checks": {
            "passes": 1251016,
            "fails": 0,
            "value": 1
        },
        "vus_max": {
            "value": 100,
            "min": 100,
            "max": 100
        },
        "http_req_sending": {
            "min": 0.001,
            "med": 0.003,
            "max": 52.335,
            "p(90)": 0.008,
            "p(95)": 0.013,
            "p(99)": 0.026,
            "avg": 0.005323919118537846
        },
        "iterations": {
            "count": 625508,
            "rate": 2978.5413010302004
        },
        "http_req_duration": {
            "p(99)": 97.53093,
            "avg": 26.344483555766534,
            "min": 0.382,
            "med": 10.517,
            "max": 2214.096,
            "p(90)": 76.456,
            "p(95)": 82.522,
            "thresholds": {
                "p(99)<1000": false
            }
        },
        "http_req_failed": {
            "passes": 0,
            "fails": 625508,
            "thresholds": {
                "rate<0.01": false
            },
            "value": 0
        },
        "http_req_tls_handshaking": {
            "min": 0,
            "med": 0,
            "max": 0,
            "p(90)": 0,
            "p(95)": 0,
            "p(99)": 0,
            "avg": 0
        },
        "iteration_duration": {
            "min": 0.411333,
            "med": 10.5739795,
            "max": 2214.100292,
            "p(90)": 76.5118418,
            "p(95)": 82.588458,
            "p(99)": 97.62648655999999,
            "avg": 26.40496906711098
        },
        "data_received": {
            "count": 162368242,
            "rate": 773164.39561551
        }
    },
    "root_group": {
        "groups": {},
        "checks": {
                "status is 200": {
                    "fails": 0,
                    "name": "status is 200",
                    "path": "::status is 200",
                    "id": "6210a8cd14cd70477eba5c5e4cb3fb5f",
                    "passes": 625508
                },
                "user id is 10": {
                    "name": "user id is 10",
                    "path": "::user id is 10",
                    "id": "2beb7b64808ff39ee6fe91e77ced8a64",
                    "passes": 625508,
                    "fails": 0
                }
            },
        "name": "",
        "path": "",
        "id": "d41d8cd98f00b204e9800998ecf8427e"
    }
}