{
    "metrics": {
        "http_req_duration": {
            "med": 6.267,
            "max": 1098.343,
            "p(90)": 68.844,
            "p(95)": 75.68564999999997,
            "p(99)": 88.303,
            "avg": 17.22443980438598,
            "min": 0.323,
            "thresholds": {
                "p(99)<1000": false
            }
        },
        "http_req_waiting": {
            "med": 6.236,
            "max": 1098.31,
            "p(90)": 68.805,
            "p(95)": 75.641,
            "p(99)": 88.22892999999999,
            "avg": 17.187778159176148,
            "min": 0.312
        },
        "http_req_duration{expected_response:true}": {
            "avg": 17.22443980438598,
            "min": 0.323,
            "med": 6.267,
            "max": 1098.343,
            "p(90)": 68.844,
            "p(95)": 75.68564999999997,
            "p(99)": 88.303
        },
        "iterations": {
            "count": 953508,
            "rate": 4540.435930762795
        },
        "http_req_tls_handshaking": {
            "max": 0,
            "p(90)": 0,
            "p(95)": 0,
            "p(99)": 0,
            "avg": 0,
            "min": 0,
            "med": 0
        },
        "http_req_receiving": {
            "p(90)": 0.025,
            "p(95)": 0.035,
            "p(99)": 0.16,
            "avg": 0.028162781014914342,
            "min": 0.004,
            "med": 0.015,
            "max": 51.213
        },
        "checks": {
            "passes": 1907016,
            "fails": 0,
            "value": 1
        },
        "http_req_sending": {
            "p(99)": 0.042,
            "avg": 0.008498864194160854,
            "min": 0.001,
            "med": 0.005,
            "max": 30.466,
            "p(90)": 0.008,
            "p(95)": 0.012
        },
        "vus": {
            "value": 1,
            "min": 1,
            "max": 100
        },
        "http_req_connecting": {
            "avg": 0.00008158819852586452,
            "min": 0,
            "med": 0,
            "max": 7.111,
            "p(90)": 0,
            "p(95)": 0,
            "p(99)": 0
        },
        "iteration_duration": {
            "p(99)": 88.43293406,
            "avg": 17.316705498679166,
            "min": 0.348333,
            "med": 6.346791,
            "max": 1098.399709,
            "p(90)": 68.9480918,
            "p(95)": 75.79878959999999
        },
        "http_req_blocked": {
            "p(99)": 0.004,
            "avg": 0.0017672594251779306,
            "min": 0,
            "med": 0.001,
            "max": 19.675,
            "p(90)": 0.002,
            "p(95)": 0.002
        },
        "data_sent": {
            "count": 122755083,
            "rate": 584537.9268312055
        },
        "http_reqs": {
            "count": 953508,
            "rate": 4540.435930762795
        },
        "http_req_failed": {
            "passes": 0,
            "fails": 953508,
            "thresholds": {
                "rate<0.01": false
            },
            "value": 0
        },
        "vus_max": {
            "value": 100,
            "min": 100,
            "max": 100
        },
        "data_received": {
            "count": 247664631,
            "rate": 1179335.0337611316
        }
    },
    "root_group": {
        "name": "",
        "path": "",
        "id": "d41d8cd98f00b204e9800998ecf8427e",
        "groups": {},
        "checks": {
                "status is 200": {
                    "name": "status is 200",
                    "path": "::status is 200",
                    "id": "6210a8cd14cd70477eba5c5e4cb3fb5f",
                    "passes": 953508,
                    "fails": 0
                },
                "user id is 10": {
                    "name": "user id is 10",
                    "path": "::user id is 10",
                    "id": "2beb7b64808ff39ee6fe91e77ced8a64",
                    "passes": 953508,
                    "fails": 0
                }
            }
    }
}