{
  "samples": 54,
  "cpu_avg": 99.49870370370371,
  "cpu_max": 107.56,
  "mem_avg_mib": 80.88944444444448,
  "mem_max_mib": 125.8
}
