{
  "samples": 54,
  "cpu_avg": 98.95462962962964,
  "cpu_max": 109.56,
  "mem_avg_mib": 103.56555555555555,
  "mem_max_mib": 184.4
}
