{
    "root_group": {
        "name": "",
        "path": "",
        "id": "d41d8cd98f00b204e9800998ecf8427e",
        "groups": {},
        "checks": {
                "status is 200": {
                    "id": "6210a8cd14cd70477eba5c5e4cb3fb5f",
                    "passes": 651265,
                    "fails": 0,
                    "name": "status is 200",
                    "path": "::status is 200"
                },
                "status field ok": {
                    "fails": 0,
                    "name": "status field ok",
                    "path": "::status field ok",
                    "id": "6f725f76b11777dfc61d5bb0aebe451e",
                    "passes": 651265
                }
            }
    },
    "metrics": {
        "http_req_receiving": {
            "avg": 0.01643484756585333,
            "min": 0.004,
            "med": 0.009,
            "max": 18.24,
            "p(90)": 0.03,
            "p(95)": 0.043,
            "p(99)": 0.089
        },
        "http_req_duration{expected_response:true}": {
            "p(99)": 95.423,
            "avg": 25.30274159980821,
            "min": 0.341,
            "med": 10.248,
            "max": 287.776,
            "p(90)": 75.687,
            "p(95)": 81.159
        },
        "checks": {
            "passes": 1302530,
            "fails": 0,
            "value": 1
        },
        "vus_max": {
            "value": 100,
            "min": 100,
            "max": 100
        },
        "data_received": {
            "count": 100676710,
            "rate": 479404.8393462028
        },
        "http_req_waiting": {
            "p(99)": 95.389,
            "avg": 25.27981946365898,
            "min": 0.329,
            "med": 10.225,
            "max": 287.761,
            "p(90)": 75.66,
            "p(95)": 81.13079999999997
        },
        "iterations": {
            "count": 651265,
            "rate": 3101.2097306001037
        },
        "http_req_blocked": {
            "med": 0.001,
            "max": 5.977,
            "p(90)": 0.002,
            "p(95)": 0.003,
            "p(99)": 0.004,
            "avg": 0.0010254320437842956,
            "min": 0
        },
        "http_req_sending": {
            "p(90)": 0.011,
            "p(95)": 0.017,
            "p(99)": 0.033,
            "avg": 0.006487288584532763,
            "min": 0.002,
            "med": 0.004,
            "max": 10.678
        },
        "http_req_failed": {
            "passes": 0,
            "fails": 651265,
            "thresholds": {
                "rate<0.01": false
            },
            "value": 0
        },
        "http_req_tls_handshaking": {
            "p(95)": 0,
            "p(99)": 0,
            "avg": 0,
            "min": 0,
            "med": 0,
            "max": 0,
            "p(90)": 0
        },
        "data_sent": {
            "count": 1416883275,
            "rate": 6746949.7048890125
        },
        "iteration_duration": {
            "max": 287.806292,
            "p(90)": 75.746375,
            "p(95)": 81.2139086,
            "p(99)": 95.49109863999999,
            "avg": 25.358734083706178,
            "min": 0.382792,
            "med": 10.302834
        },
        "http_req_connecting": {
            "p(99)": 0,
            "avg": 0.00007614104857469695,
            "min": 0,
            "med": 0,
            "max": 4.588,
            "p(90)": 0,
            "p(95)": 0
        },
        "http_req_duration": {
            "avg": 25.30274159980821,
            "min": 0.341,
            "med": 10.248,
            "max": 287.776,
            "p(90)": 75.687,
            "p(95)": 81.159,
            "p(99)": 95.423,
            "thresholds": {
                "p(99)<1500": false
            }
        },
        "vus": {
            "max": 100,
            "value": 1,
            "min": 1
        },
        "http_reqs": {
            "rate": 3101.2097306001037,
            "count": 651265
        }
    }
}