{
    "metrics": {
        "iteration_duration": {
            "max": 603.655833,
            "p(90)": 74.1716878,
            "p(95)": 79.55409555,
            "p(99)": 93.21441172,
            "avg": 23.056109174424176,
            "min": 0.339292,
            "med": 9.020146
        },
        "checks": {
            "passes": 1432520,
            "fails": 0,
            "value": 1
        },
        "http_req_blocked": {
            "avg": 0.0008844804959020847,
            "min": 0,
            "med": 0.001,
            "max": 4.471,
            "p(90)": 0.002,
            "p(95)": 0.002,
            "p(99)": 0.003
        },
        "http_req_waiting": {
            "p(90)": 74.101,
            "p(95)": 79.484,
            "p(99)": 93.146,
            "avg": 22.988037032641927,
            "min": 0.305,
            "med": 8.953,
            "max": 603.521
        },
        "http_req_duration": {
            "avg": 23.00717974059706,
            "min": 0.315,
            "med": 8.972,
            "max": 603.565,
            "p(90)": 74.122,
            "p(95)": 79.504,
            "p(99)": 93.16181999999999,
            "thresholds": {
                "p(99)<1500": false
            }
        },
        "vus": {
            "value": 1,
            "min": 1,
            "max": 100
        },
        "http_req_failed": {
            "fails": 716260,
            "passes": 0,
            "thresholds": {
                "rate<0.01": false
            },
            "value": 0
        },
        "http_reqs": {
            "count": 716260,
            "rate": 3410.712644326428
        },
        "iterations": {
            "count": 716260,
            "rate": 3410.712644326428
        },
        "http_req_duration{expected_response:true}": {
            "med": 8.972,
            "max": 603.565,
            "p(90)": 74.122,
            "p(95)": 79.504,
            "p(99)": 93.16181999999999,
            "avg": 23.00717974059706,
            "min": 0.315
        },
        "vus_max": {
            "max": 100,
            "value": 100,
            "min": 100
        },
        "http_req_connecting": {
            "med": 0,
            "max": 4.39,
            "p(90)": 0,
            "p(95)": 0,
            "p(99)": 0,
            "avg": 0.00007635355876357745,
            "min": 0
        },
        "data_sent": {
            "count": 1558307433,
            "rate": 7420404.413873394
        },
        "http_req_tls_handshaking": {
            "max": 0,
            "p(90)": 0,
            "p(95)": 0,
            "p(99)": 0,
            "avg": 0,
            "min": 0,
            "med": 0
        },
        "http_req_receiving": {
            "p(95)": 0.039,
            "p(99)": 0.063,
            "avg": 0.013610998799281907,
            "min": 0.004,
            "med": 0.008,
            "max": 9.398,
            "p(90)": 0.026
        },
        "data_received": {
            "count": 110745973,
            "rate": 527354.1596896842
        },
        "http_req_sending": {
            "p(99)": 0.024,
            "avg": 0.005531709155906199,
            "min": 0.002,
            "med": 0.004,
            "max": 17.158,
            "p(90)": 0.009,
            "p(95)": 0.015
        }
    },
    "root_group": {
        "checks": {
            "status is 200": {
                "id": "6210a8cd14cd70477eba5c5e4cb3fb5f",
                "passes": 716260,
                "fails": 0,
                "name": "status is 200",
                "path": "::status is 200"
            },
            "status field ok": {
                "name": "status field ok",
                "path": "::status field ok",
                "id": "6f725f76b11777dfc61d5bb0aebe451e",
                "passes": 716260,
                "fails": 0
            }
        },
        "name": "",
        "path": "",
        "id": "d41d8cd98f00b204e9800998ecf8427e",
        "groups": {}
    }
}