{
  "samples": 54,
  "cpu_avg": 99.56166666666667,
  "cpu_max": 107.28,
  "mem_avg_mib": 97.16611111111108,
  "mem_max_mib": 156.3
}
