{
    "root_group": {
        "path": "",
        "id": "d41d8cd98f00b204e9800998ecf8427e",
        "groups": {},
        "checks": {
                "status is 200": {
                    "fails": 0,
                    "name": "status is 200",
                    "path": "::status is 200",
                    "id": "6210a8cd14cd70477eba5c5e4cb3fb5f",
                    "passes": 700302
                },
                "status field ok": {
                    "name": "status field ok",
                    "path": "::status field ok",
                    "id": "6f725f76b11777dfc61d5bb0aebe451e",
                    "passes": 700302,
                    "fails": 0
                }
            },
        "name": ""
    },
    "metrics": {
        "data_received": {
            "count": 108275060,
            "rate": 515591.602858144
        },
        "http_req_failed": {
            "passes": 0,
            "fails": 700302,
            "thresholds": {
                "rate<0.01": false
            },
            "value": 0
        },
        "http_req_blocked": {
            "med": 0.001,
            "max": 14.863,
            "p(90)": 0.002,
            "p(95)": 0.002,
            "p(99)": 0.003,
            "avg": 0.0009075513135689125,
            "min": 0
        },
        "iteration_duration": {
            "max": 293.923458,
            "p(90)": 74.949625,
            "p(95)": 80.54751699999998,
            "p(99)": 94.49703740999999,
            "avg": 23.58514131909796,
            "min": 0.352667,
            "med": 9.025917
        },
        "checks": {
            "passes": 1400604,
            "fails": 0,
            "value": 1
        },
        "iterations": {
            "count": 700302,
            "rate": 3334.7460686215636
        },
        "vus": {
            "max": 100,
            "value": 1,
            "min": 1
        },
        "http_req_duration": {
            "p(95)": 80.492,
            "p(99)": 94.44796999999997,
            "avg": 23.535558566161086,
            "min": 0.324,
            "med": 8.977,
            "max": 293.889,
            "p(90)": 74.90190000000001,
            "thresholds": {
                "p(99)<1500": false
            }
        },
        "http_req_receiving": {
            "med": 0.009,
            "max": 13.539,
            "p(90)": 0.026,
            "p(95)": 0.04,
            "p(99)": 0.062,
            "avg": 0.01368652809784638,
            "min": 0.004
        },
        "http_req_connecting": {
            "max": 3.344,
            "p(90)": 0,
            "p(95)": 0,
            "p(99)": 0,
            "avg": 0.00007608717381929508,
            "min": 0,
            "med": 0
        },
        "http_req_duration{expected_response:true}": {
            "avg": 23.535558566161086,
            "min": 0.324,
            "med": 8.977,
            "max": 293.889,
            "p(90)": 74.90190000000001,
            "p(95)": 80.492,
            "p(99)": 94.44796999999997
        },
        "data_sent": {
            "count": 1523585402,
            "rate": 7255113.407542325
        },
        "http_reqs": {
            "count": 700302,
            "rate": 3334.7460686215636
        },
        "http_req_waiting": {
            "avg": 23.516291202938092,
            "min": 0.314,
            "med": 8.959,
            "max": 293.876,
            "p(90)": 74.8829,
            "p(95)": 80.47294999999997,
            "p(99)": 94.42296999999998
        },
        "http_req_sending": {
            "max": 7.608,
            "p(90)": 0.009,
            "p(95)": 0.016,
            "p(99)": 0.025,
            "avg": 0.005580835125428414,
            "min": 0.002,
            "med": 0.004
        },
        "vus_max": {
            "value": 100,
            "min": 100,
            "max": 100
        },
        "http_req_tls_handshaking": {
            "p(90)": 0,
            "p(95)": 0,
            "p(99)": 0,
            "avg": 0,
            "min": 0,
            "med": 0,
            "max": 0
        }
    }
}