{
    "metrics": {
        "vus": {
            "max": 100,
            "value": 1,
            "min": 1
        },
        "http_req_failed": {
            "passes": 0,
            "fails": 879808,
            "thresholds": {
                "rate<0.01": false
            },
            "value": 0
        },
        "checks": {
            "passes": 1759616,
            "fails": 0,
            "value": 1
        },
        "http_req_connecting": {
            "avg": 0.00007169518804102711,
            "min": 0,
            "med": 0,
            "max": 7.451,
            "p(90)": 0,
            "p(95)": 0,
            "p(99)": 0
        },
        "http_req_receiving": {
            "min": 0.004,
            "med": 0.01,
            "max": 24.194,
            "p(90)": 0.024,
            "p(95)": 0.035,
            "p(99)": 0.105,
            "avg": 0.021505271604629013
        },
        "data_sent": {
            "count": 1914196968,
            "rate": 9115052.077138757
        },
        "data_received": {
            "count": 136105000,
            "rate": 648106.847779194
        },
        "iteration_duration": {
            "p(99)": 87.71464562999999,
            "avg": 18.767365864104676,
            "min": 0.329833,
            "med": 6.671084,
            "max": 278.240292,
            "p(90)": 72.2180249,
            "p(95)": 77.69045209999999
        },
        "iterations": {
            "count": 879808,
            "rate": 4189.483042731105
        },
        "http_reqs": {
            "count": 879808,
            "rate": 4189.483042731105
        },
        "vus_max": {
            "min": 100,
            "max": 100,
            "value": 100
        },
        "http_req_waiting": {
            "avg": 18.66405208636371,
            "min": 0.296,
            "med": 6.582,
            "max": 278.156,
            "p(90)": 72.104,
            "p(95)": 77.571,
            "p(99)": 87.57
        },
        "http_req_blocked": {
            "p(99)": 0.003,
            "avg": 0.001288522041159817,
            "min": 0,
            "med": 0.001,
            "max": 15.226,
            "p(90)": 0.002,
            "p(95)": 0.002
        },
        "http_req_sending": {
            "p(90)": 0.01,
            "p(95)": 0.015,
            "p(99)": 0.035,
            "avg": 0.008360216092561809,
            "min": 0.002,
            "med": 0.004,
            "max": 26.745
        },
        "http_req_duration{expected_response:true}": {
            "p(95)": 77.607,
            "p(99)": 87.61985999999999,
            "avg": 18.693917574061814,
            "min": 0.305,
            "med": 6.606,
            "max": 278.181,
            "p(90)": 72.138
        },
        "http_req_tls_handshaking": {
            "p(90)": 0,
            "p(95)": 0,
            "p(99)": 0,
            "avg": 0,
            "min": 0,
            "med": 0,
            "max": 0
        },
        "http_req_duration": {
            "avg": 18.693917574061814,
            "min": 0.305,
            "med": 6.606,
            "max": 278.181,
            "p(90)": 72.138,
            "p(95)": 77.607,
            "p(99)": 87.61985999999999,
            "thresholds": {
                "p(99)<1500": false
            }
        }
    },
    "root_group": {
        "name": "",
        "path": "",
        "id": "d41d8cd98f00b204e9800998ecf8427e",
        "groups": {},
        "checks": {
                "status is 200": {
                    "passes": 879808,
                    "fails": 0,
                    "name": "status is 200",
                    "path": "::status is 200",
                    "id": "6210a8cd14cd70477eba5c5e4cb3fb5f"
                },
                "status field ok": {
                    "name": "status field ok",
                    "path": "::status field ok",
                    "id": "6f725f76b11777dfc61d5bb0aebe451e",
                    "passes": 879808,
                    "fails": 0
                }
            }
    }
}