{
    "metrics": {
        "http_req_tls_handshaking": {
            "p(99)": 0,
            "avg": 0,
            "min": 0,
            "med": 0,
            "max": 0,
            "p(90)": 0,
            "p(95)": 0
        },
        "http_req_connecting": {
            "p(90)": 0,
            "p(95)": 0,
            "p(99)": 0,
            "avg": 0.0000448361540567686,
            "min": 0,
            "med": 0,
            "max": 9.774
        },
        "vus_max": {
            "value": 100,
            "min": 100,
            "max": 100
        },
        "http_reqs": {
            "count": 1464577,
            "rate": 6974.056900893391
        },
        "vus": {
            "value": 1,
            "min": 1,
            "max": 100
        },
        "http_req_duration": {
            "max": 1703.437,
            "p(90)": 51.897,
            "p(95)": 62.457,
            "p(99)": 72.362,
            "avg": 11.229022687096704,
            "min": 0.188,
            "med": 4.962,
            "thresholds": {
                "p(99)<1000": false
            }
        },
        "http_req_duration{expected_response:true}": {
            "min": 0.188,
            "med": 4.962,
            "max": 1703.437,
            "p(90)": 51.897,
            "p(95)": 62.457,
            "p(99)": 72.362,
            "avg": 11.229022687096704
        },
        "http_req_blocked": {
            "med": 0.001,
            "max": 16.908,
            "p(90)": 0.002,
            "p(95)": 0.002,
            "p(99)": 0.003,
            "avg": 0.0009041122453674025,
            "min": 0
        },
        "http_req_receiving": {
            "avg": 0.013559313030344945,
            "min": 0.003,
            "med": 0.007,
            "max": 29.542,
            "p(90)": 0.023,
            "p(95)": 0.031,
            "p(99)": 0.052
        },
        "iteration_duration": {
            "avg": 11.272303926446071,
            "min": 0.208333,
            "med": 5.002834,
            "max": 1703.4565,
            "p(90)": 51.944158200000004,
            "p(95)": 62.49875,
            "p(99)": 72.40350507999999
        },
        "http_req_failed": {
            "fails": 1464577,
            "passes": 0,
            "thresholds": {
                "rate<0.01": false
            },
            "value": 0
        },
        "http_req_sending": {
            "p(90)": 0.008,
            "p(95)": 0.011,
            "p(99)": 0.019,
            "avg": 0.00448122358884535,
            "min": 0.001,
            "med": 0.002,
            "max": 20.56
        },
        "http_req_waiting": {
            "p(95)": 62.439,
            "p(99)": 72.33623999999999,
            "avg": 11.210982150477491,
            "min": 0.18,
            "med": 4.945,
            "max": 1703.417,
            "p(90)": 51.874
        },
        "data_sent": {
            "rate": 997129.0443451082,
            "count": 209400681
        },
        "checks": {
            "passes": 2929154,
            "fails": 0,
            "value": 1
        },
        "data_received": {
            "count": 215258989,
            "rate": 1025025.2719486817
        },
        "iterations": {
            "count": 1464577,
            "rate": 6974.056900893391
        }
    },
    "root_group": {
        "name": "",
        "path": "",
        "id": "d41d8cd98f00b204e9800998ecf8427e",
        "groups": {},
        "checks": {
                "status is 200": {
                    "name": "status is 200",
                    "path": "::status is 200",
                    "id": "6210a8cd14cd70477eba5c5e4cb3fb5f",
                    "passes": 1464577,
                    "fails": 0
                },
                "body is hello world": {
                    "id": "db256fa93e36a4d0f1f90c80dfa61eec",
                    "passes": 1464577,
                    "fails": 0,
                    "name": "body is hello world",
                    "path": "::body is hello world"
                }
            }
    }
}