{
    "root_group": {
        "name": "",
        "path": "",
        "id": "d41d8cd98f00b204e9800998ecf8427e",
        "groups": {},
        "checks": {
                "status is 200": {
                    "name": "status is 200",
                    "path": "::status is 200",
                    "id": "6210a8cd14cd70477eba5c5e4cb3fb5f",
                    "passes": 1309137,
                    "fails": 0
                },
                "body is hello world": {
                    "name": "body is hello world",
                    "path": "::body is hello world",
                    "id": "db256fa93e36a4d0f1f90c80dfa61eec",
                    "passes": 1309137,
                    "fails": 0
                }
            }
    },
    "metrics": {
        "http_req_duration{expected_response:true}": {
            "max": 1379.624,
            "p(90)": 49.58240000000003,
            "p(95)": 61.296,
            "p(99)": 73.96827999999998,
            "avg": 12.568777419017634,
            "min": 0.175,
            "med": 6.046
        },
        "http_req_waiting": {
            "max": 1379.608,
            "p(90)": 49.563,
            "p(95)": 61.276,
            "p(99)": 73.93763999999999,
            "avg": 12.550951593301917,
            "min": 0.167,
            "med": 6.029
        },
        "http_req_receiving": {
            "max": 57.993,
            "p(90)": 0.024,
            "p(95)": 0.035,
            "p(99)": 0.059,
            "avg": 0.01332411199125692,
            "min": 0.003,
            "med": 0.008
        },
        "http_reqs": {
            "count": 1309137,
            "rate": 6233.905860920162
        },
        "http_req_blocked": {
            "med": 0.001,
            "max": 5.144,
            "p(90)": 0.002,
            "p(95)": 0.002,
            "p(99)": 0.004,
            "avg": 0.0008847614879016766,
            "min": 0
        },
        "iterations": {
            "rate": 6233.905860920162,
            "count": 1309137
        },
        "vus_max": {
            "value": 100,
            "min": 100,
            "max": 100
        },
        "data_received": {
            "count": 192323555,
            "rate": 915814.7212304757
        },
        "http_req_connecting": {
            "med": 0,
            "max": 5.1,
            "p(90)": 0,
            "p(95)": 0,
            "p(99)": 0,
            "avg": 0.00004633968790126624,
            "min": 0
        },
        "vus": {
            "value": 1,
            "min": 1,
            "max": 100
        },
        "iteration_duration": {
            "avg": 12.612527103055623,
            "min": 0.193375,
            "med": 6.086708,
            "max": 1379.653041,
            "p(90)": 49.626116800000005,
            "p(95)": 61.337875,
            "p(99)": 74.02570864
        },
        "http_req_sending": {
            "avg": 0.004501713724411492,
            "min": 0.001,
            "med": 0.003,
            "max": 14.096,
            "p(90)": 0.008,
            "p(95)": 0.012,
            "p(99)": 0.023
        },
        "http_req_tls_handshaking": {
            "p(95)": 0,
            "p(99)": 0,
            "avg": 0,
            "min": 0,
            "med": 0,
            "max": 0,
            "p(90)": 0
        },
        "checks": {
            "fails": 0,
            "passes": 2618274,
            "value": 1
        },
        "http_req_failed": {
            "passes": 0,
            "fails": 1309137,
            "thresholds": {
                "rate<0.01": false
            },
            "value": 0
        },
        "data_sent": {
            "count": 187087007,
            "rate": 890879.097786795
        },
        "http_req_duration": {
            "max": 1379.624,
            "p(90)": 49.58240000000003,
            "p(95)": 61.296,
            "p(99)": 73.96827999999998,
            "avg": 12.568777419017634,
            "min": 0.175,
            "med": 6.046,
            "thresholds": {
                "p(99)<1000": false
            }
        }
    }
}