{
    "metrics": {
        "http_req_connecting": {
            "max": 3.882,
            "p(90)": 0,
            "p(95)": 0,
            "p(99)": 0,
            "avg": 0.000038529886207277995,
            "min": 0,
            "med": 0
        },
        "http_req_failed": {
            "passes": 0,
            "fails": 1256583,
            "thresholds": {
                "rate<0.01": false
            },
            "value": 0
        },
        "iterations": {
            "count": 1256583,
            "rate": 5983.6074461178405
        },
        "iteration_duration": {
            "avg": 13.138475614588911,
            "min": 0.208625,
            "med": 6.138375,
            "max": 582.290458,
            "p(90)": 53.469300600000004,
            "p(95)": 62.8367878,
            "p(99)": 75.49834056
        },
        "vus_max": {
            "value": 100,
            "min": 100,
            "max": 100
        },
        "http_reqs": {
            "rate": 5983.6074461178405,
            "count": 1256583
        },
        "http_req_duration{expected_response:true}": {
            "p(95)": 62.794,
            "p(99)": 75.43835999999997,
            "avg": 13.095617826280385,
            "min": 0.189,
            "med": 6.096,
            "max": 582.231,
            "p(90)": 53.425
        },
        "http_req_sending": {
            "avg": 0.004460870471771697,
            "min": 0.001,
            "med": 0.003,
            "max": 18.377,
            "p(90)": 0.008,
            "p(95)": 0.013,
            "p(99)": 0.023
        },
        "data_received": {
            "count": 184575152,
            "rate": 878911.5035580874
        },
        "vus": {
            "min": 1,
            "max": 100,
            "value": 1
        },
        "http_req_blocked": {
            "p(95)": 0.002,
            "p(99)": 0.004,
            "avg": 0.0008695557714761015,
            "min": 0,
            "med": 0.001,
            "max": 3.92,
            "p(90)": 0.002
        },
        "checks": {
            "passes": 2513166,
            "fails": 0,
            "value": 1
        },
        "http_req_waiting": {
            "min": 0.179,
            "med": 6.08,
            "max": 582.216,
            "p(90)": 53.406,
            "p(95)": 62.777,
            "p(99)": 75.42017999999999,
            "avg": 13.078468150531943
        },
        "http_req_duration": {
            "p(99)": 75.43835999999997,
            "avg": 13.095617826280385,
            "min": 0.189,
            "med": 6.096,
            "max": 582.231,
            "p(90)": 53.425,
            "p(95)": 62.794,
            "thresholds": {
                "p(99)<1000": false
            }
        },
        "http_req_receiving": {
            "p(90)": 0.025,
            "p(95)": 0.036,
            "p(99)": 0.059,
            "avg": 0.012688805275783348,
            "min": 0.004,
            "med": 0.008,
            "max": 23.286
        },
        "data_sent": {
            "count": 179548820,
            "rate": 854977.0737736161
        },
        "http_req_tls_handshaking": {
            "p(90)": 0,
            "p(95)": 0,
            "p(99)": 0,
            "avg": 0,
            "min": 0,
            "med": 0,
            "max": 0
        }
    },
    "root_group": {
        "checks": {
            "status is 200": {
                "fails": 0,
                "name": "status is 200",
                "path": "::status is 200",
                "id": "6210a8cd14cd70477eba5c5e4cb3fb5f",
                "passes": 1256583
            },
            "body is hello world": {
                "fails": 0,
                "name": "body is hello world",
                "path": "::body is hello world",
                "id": "db256fa93e36a4d0f1f90c80dfa61eec",
                "passes": 1256583
            }
        },
        "name": "",
        "path": "",
        "id": "d41d8cd98f00b204e9800998ecf8427e",
        "groups": {}
    }
}