{
  "gin": {
    "interaction": {
      "rps": 1705.8478249167601,
      "p99": 148.88367999999994,
      "fail_rate": null,
      "cpu_under_load": 110.12,
      "mem_under_load_mib": 43.6
    },
    "db": {
      "rps": 5525.977520608783,
      "p99": 69.254,
      "fail_rate": null,
      "cpu_under_load": 106.1,
      "mem_under_load_mib": 42.16
    },
    "json": {
      "rps": 5754.837680484812,
      "p99": 67.771,
      "fail_rate": null,
      "cpu_under_load": 99.84,
      "mem_under_load_mib": 35.81
    },
    "cpu": {
      "rps": 1926.555571849354,
      "p99": 209.42175999999995,
      "fail_rate": null,
      "cpu_under_load": 99.73,
      "mem_under_load_mib": 39.87
    },
    "plaintext": {
      "rps": 14428.642865616104,
      "p99": 18.984,
      "fail_rate": null,
      "cpu_under_load": 102.45,
      "mem_under_load_mib": 32.75
    }
  },
  "fiber": {
    "interaction": {
      "rps": 1798.8219284958902,
      "p99": 126.30118999999992,
      "fail_rate": null,
      "cpu_under_load": 104.89,
      "mem_under_load_mib": 32.55
    },
    "db": {
      "rps": 6980.139309647485,
      "p99": 60.15450999999999,
      "fail_rate": null,
      "cpu_under_load": 107.67,
      "mem_under_load_mib": 32.62
    },
    "json": {
      "rps": 7910.756184758688,
      "p99": 56.025,
      "fail_rate": null,
      "cpu_under_load": 100.6,
      "mem_under_load_mib": 27.84
    },
    "cpu": {
      "rps": 2208.7145748228254,
      "p99": 174.49192999999997,
      "fail_rate": null,
      "cpu_under_load": 99.51,
      "mem_under_load_mib": 32.51
    },
    "plaintext": {
      "rps": 15951.691286824635,
      "p99": 13.66689999999997,
      "fail_rate": null,
      "cpu_under_load": 48.14,
      "mem_under_load_mib": 21.74
    }
  },
  "spring": {
    "interaction": {
      "rps": 976.0390396568597,
      "p99": 227.1971599999998,
      "fail_rate": null,
      "cpu_under_load": 104.34,
      "mem_under_load_mib": 667.9
    },
    "db": {
      "rps": 2713.693293722135,
      "p99": 125.34707999999998,
      "fail_rate": null,
      "cpu_under_load": 104.01,
      "mem_under_load_mib": 636.5
    },
    "json": {
      "rps": 4193.2082792669235,
      "p99": 119.57771999999999,
      "fail_rate": null,
      "cpu_under_load": 98.82,
      "mem_under_load_mib": 622.9
    },
    "cpu": {
      "rps": 1423.9069517435978,
      "p99": 134.10938,
      "fail_rate": null,
      "cpu_under_load": 101.76,
      "mem_under_load_mib": 624.6
    },
    "plaintext": {
      "rps": 5826.347577031031,
      "p99": 109.24806999999993,
      "fail_rate": null,
      "cpu_under_load": 93.63,
      "mem_under_load_mib": 606.1
    }
  },
  "quarkus": {
    "interaction": {
      "rps": 889.6902133514636,
      "p99": 203.31496999999996,
      "fail_rate": null,
      "cpu_under_load": 103.65,
      "mem_under_load_mib": 120.7
    },
    "db": {
      "rps": 3051.5802489558823,
      "p99": 99.30161,
      "fail_rate": null,
      "cpu_under_load": 100.34,
      "mem_under_load_mib": 99.08
    },
    "json": {
      "rps": 3410.712644326428,
      "p99": 93.16181999999999,
      "fail_rate": null,
      "cpu_under_load": 104.53,
      "mem_under_load_mib": 105.3
    },
    "cpu": {
      "rps": 385.9502416992496,
      "p99": 607.776,
      "fail_rate": null,
      "cpu_under_load": 100.89,
      "mem_under_load_mib": 73.96
    },
    "plaintext": {
      "rps": 6233.905860920162,
      "p99": 73.96827999999998,
      "fail_rate": null,
      "cpu_under_load": 103.48,
      "mem_under_load_mib": 81.5
    }
  }
}