{
  "gin": {
    "interaction": {
      "rps": 1590.1531188067524,
      "p99": 164.17157,
      "fail_rate": null,
      "cpu_under_load": 107.09,
      "mem_under_load_mib": 28.63
    },
    "db": {
      "rps": 5438.928159875709,
      "p99": 70.15767999999998,
      "fail_rate": null,
      "cpu_under_load": 104.72,
      "mem_under_load_mib": 18.07
    },
    "json": {
      "rps": 5661.220864925766,
      "p99": 66.48819999999998,
      "fail_rate": null,
      "cpu_under_load": 103.67,
      "mem_under_load_mib": 14.88
    },
    "cpu": {
      "rps": 1849.6685805109435,
      "p99": 220.32969999999995,
      "fail_rate": null,
      "cpu_under_load": 100.44,
      "mem_under_load_mib": 17.95
    },
    "plaintext": {
      "rps": 13142.368450116346,
      "p99": 23.544,
      "fail_rate": null,
      "cpu_under_load": 104.76,
      "mem_under_load_mib": 14.1
    }
  },
  "fiber": {
    "interaction": {
      "rps": 1778.2919074973165,
      "p99": 154.29463999999993,
      "fail_rate": null,
      "cpu_under_load": 108.43,
      "mem_under_load_mib": 20.42
    },
    "db": {
      "rps": 6956.177505969128,
      "p99": 61.46073999999999,
      "fail_rate": null,
      "cpu_under_load": 107.89,
      "mem_under_load_mib": 18.15
    },
    "json": {
      "rps": 7427.043322139252,
      "p99": 56.358,
      "fail_rate": null,
      "cpu_under_load": 103.76,
      "mem_under_load_mib": 14.01
    },
    "cpu": {
      "rps": 2020.8075396980817,
      "p99": 184.75938,
      "fail_rate": null,
      "cpu_under_load": 103.08,
      "mem_under_load_mib": 17.76
    },
    "plaintext": {
      "rps": 16703.809597695028,
      "p99": 14.737,
      "fail_rate": null,
      "cpu_under_load": 51.27,
      "mem_under_load_mib": 10.23
    }
  },
  "spring": {
    "interaction": {
      "rps": 976.0390396568597,
      "p99": 227.1971599999998,
      "fail_rate": null,
      "cpu_under_load": 104.34,
      "mem_under_load_mib": 667.9
    },
    "db": {
      "rps": 2713.693293722135,
      "p99": 125.34707999999998,
      "fail_rate": null,
      "cpu_under_load": 104.01,
      "mem_under_load_mib": 636.5
    },
    "json": {
      "rps": 4193.2082792669235,
      "p99": 119.57771999999999,
      "fail_rate": null,
      "cpu_under_load": 98.82,
      "mem_under_load_mib": 622.9
    },
    "cpu": {
      "rps": 1423.9069517435978,
      "p99": 134.10938,
      "fail_rate": null,
      "cpu_under_load": 101.76,
      "mem_under_load_mib": 624.6
    },
    "plaintext": {
      "rps": 5826.347577031031,
      "p99": 109.24806999999993,
      "fail_rate": null,
      "cpu_under_load": 93.63,
      "mem_under_load_mib": 606.1
    }
  },
  "quarkus": {
    "interaction": {
      "rps": 889.6902133514636,
      "p99": 203.31496999999996,
      "fail_rate": null,
      "cpu_under_load": 103.65,
      "mem_under_load_mib": 120.7
    },
    "db": {
      "rps": 3051.5802489558823,
      "p99": 99.30161,
      "fail_rate": null,
      "cpu_under_load": 100.34,
      "mem_under_load_mib": 99.08
    },
    "json": {
      "rps": 3410.712644326428,
      "p99": 93.16181999999999,
      "fail_rate": null,
      "cpu_under_load": 104.53,
      "mem_under_load_mib": 105.3
    },
    "cpu": {
      "rps": 385.9502416992496,
      "p99": 607.776,
      "fail_rate": null,
      "cpu_under_load": 100.89,
      "mem_under_load_mib": 73.96
    },
    "plaintext": {
      "rps": 6233.905860920162,
      "p99": 73.96827999999998,
      "fail_rate": null,
      "cpu_under_load": 103.48,
      "mem_under_load_mib": 81.5
    }
  },
  "quarkus-jvm": {
    "interaction": {
      "rps": 1475.2558108709175,
      "p99": 179.139,
      "fail_rate": null,
      "cpu_under_load": 102.51,
      "mem_under_load_mib": 272.6
    },
    "db": {
      "rps": 4612.611689743599,
      "p99": 86.72756,
      "fail_rate": null,
      "cpu_under_load": 105.84,
      "mem_under_load_mib": 237.7
    },
    "json": {
      "rps": 4524.078722941152,
      "p99": 82.27431,
      "fail_rate": null,
      "cpu_under_load": 101.57,
      "mem_under_load_mib": 208.1
    },
    "cpu": {
      "rps": 1502.771057793313,
      "p99": 197.4957,
      "fail_rate": null,
      "cpu_under_load": 100.7,
      "mem_under_load_mib": 219.7
    },
    "plaintext": {
      "rps": 10702.0097323759,
      "p99": 45.841,
      "fail_rate": null,
      "cpu_under_load": 100.55,
      "mem_under_load_mib": 175.5
    }
  }
}