{
  "gin": {
    "interaction": {
      "rps": 479.6119607382094,
      "p99": 580.23982,
      "fail_rate": null,
      "cpu_under_load": 101.25,
      "mem_under_load_mib": 33.33
    },
    "db": {
      "rps": 657.446754974741,
      "p99": 493.89311,
      "fail_rate": null,
      "cpu_under_load": 102.37,
      "mem_under_load_mib": 32.55
    },
    "json": {
      "rps": 5594.53152639425,
      "p99": 68.15129999999999,
      "fail_rate": null,
      "cpu_under_load": 102.08,
      "mem_under_load_mib": 15.07
    },
    "cpu": {
      "rps": 1948.5420232293864,
      "p99": 204.48595,
      "fail_rate": null,
      "cpu_under_load": 102.76,
      "mem_under_load_mib": 22.75
    },
    "plaintext": {
      "rps": 13639.210887056886,
      "p99": 19.163009999999975,
      "fail_rate": null,
      "cpu_under_load": 100.66,
      "mem_under_load_mib": 15.51
    }
  },
  "fiber": {
    "interaction": {
      "rps": 525.8084938914203,
      "p99": 521.76254,
      "fail_rate": null,
      "cpu_under_load": 107.32,
      "mem_under_load_mib": 41.4
    },
    "db": {
      "rps": 683.1235707297938,
      "p99": 497.15804,
      "fail_rate": null,
      "cpu_under_load": 102.06,
      "mem_under_load_mib": 40.06
    },
    "json": {
      "rps": 7690.382370985931,
      "p99": 57.159,
      "fail_rate": null,
      "cpu_under_load": 103.5,
      "mem_under_load_mib": 28.8
    },
    "cpu": {
      "rps": 2162.6797709643392,
      "p99": 178.41727,
      "fail_rate": null,
      "cpu_under_load": 100.33,
      "mem_under_load_mib": 30.07
    },
    "plaintext": {
      "rps": 15943.791247643609,
      "p99": 16.11201999999997,
      "fail_rate": null,
      "cpu_under_load": 50.67,
      "mem_under_load_mib": 22.09
    }
  },
  "spring": {
    "interaction": {
      "rps": 824.1084508798193,
      "p99": 378.6318399999997,
      "fail_rate": null,
      "cpu_under_load": 100.92,
      "mem_under_load_mib": 623.3
    },
    "db": {
      "rps": 2276.0019234141,
      "p99": 129.90639999999993,
      "fail_rate": null,
      "cpu_under_load": 109.68,
      "mem_under_load_mib": 598.1
    },
    "json": {
      "rps": 4171.72335587172,
      "p99": 115.42385999999999,
      "fail_rate": null,
      "cpu_under_load": 100.03,
      "mem_under_load_mib": 586.5
    },
    "cpu": {
      "rps": 1327.3984669256583,
      "p99": 185.16787999999997,
      "fail_rate": null,
      "cpu_under_load": 100.12,
      "mem_under_load_mib": 588.0
    },
    "plaintext": {
      "rps": 5434.951675803075,
      "p99": 114.47717999999999,
      "fail_rate": null,
      "cpu_under_load": 90.55,
      "mem_under_load_mib": 565.4
    }
  },
  "quarkus": {
    "interaction": {
      "rps": 873.3438091986519,
      "p99": 210.30608,
      "fail_rate": null,
      "cpu_under_load": 102.3,
      "mem_under_load_mib": 106.4
    },
    "db": {
      "rps": 2847.621597210262,
      "p99": 101.51395,
      "fail_rate": null,
      "cpu_under_load": 101.13,
      "mem_under_load_mib": 91.22
    },
    "json": {
      "rps": 3334.7460686215636,
      "p99": 94.44796999999997,
      "fail_rate": null,
      "cpu_under_load": 106.35,
      "mem_under_load_mib": 87.43
    },
    "cpu": {
      "rps": 314.24703127077714,
      "p99": 794.7442799999999,
      "fail_rate": null,
      "cpu_under_load": 104.63,
      "mem_under_load_mib": 85.84
    },
    "plaintext": {
      "rps": 6193.82809838118,
      "p99": 74.09985999999998,
      "fail_rate": null,
      "cpu_under_load": 103.73,
      "mem_under_load_mib": 58.98
    }
  }
}