{
    "root_group": {
        "path": "",
        "id": "d41d8cd98f00b204e9800998ecf8427e",
        "groups": {},
        "checks": {
                "status is 200": {
                    "name": "status is 200",
                    "path": "::status is 200",
                    "id": "6210a8cd14cd70477eba5c5e4cb3fb5f",
                    "passes": 138051,
                    "fails": 13
                },
                "user id is 10": {
                    "name": "user id is 10",
                    "path": "::user id is 10",
                    "id": "2beb7b64808ff39ee6fe91e77ced8a64",
                    "passes": 138051,
                    "fails": 13
                }
            },
        "name": ""
    },
    "metrics": {
        "http_req_failed": {
            "passes": 13,
            "fails": 138051,
            "thresholds": {
                "rate<0.01": false
            },
            "value": 0.00009415923050179627
        },
        "http_req_sending": {
            "avg": 0.01171606646192838,
            "min": 0.001,
            "med": 0.01,
            "max": 3.96,
            "p(90)": 0.02,
            "p(95)": 0.023,
            "p(99)": 0.04
        },
        "vus": {
            "value": 1,
            "min": 1,
            "max": 100
        },
        "http_req_tls_handshaking": {
            "avg": 0,
            "min": 0,
            "med": 0,
            "max": 0,
            "p(90)": 0,
            "p(95)": 0,
            "p(99)": 0
        },
        "checks": {
            "passes": 276102,
            "fails": 26,
            "value": 0.9999058407694982
        },
        "data_sent": {
            "count": 17655800,
            "rate": 84075.12759649896
        },
        "http_req_receiving": {
            "avg": 0.04100970564375996,
            "min": 0.004,
            "med": 0.032,
            "max": 4.516,
            "p(90)": 0.079,
            "p(95)": 0.09,
            "p(99)": 0.148
        },
        "iteration_duration": {
            "p(95)": 388.74992059999994,
            "p(99)": 494.03763857999996,
            "avg": 119.66795039706327,
            "min": 0.294292,
            "med": 82.338604,
            "max": 888.955959,
            "p(90)": 303.8429082
        },
        "http_reqs": {
            "count": 138064,
            "rate": 657.446754974741
        },
        "http_req_blocked": {
            "min": 0,
            "med": 0.002,
            "max": 4.62,
            "p(90)": 0.004,
            "p(95)": 0.005,
            "p(99)": 0.008,
            "avg": 0.0029340957816649917
        },
        "vus_max": {
            "max": 100,
            "value": 100,
            "min": 100
        },
        "http_req_connecting": {
            "p(95)": 0,
            "p(99)": 0,
            "avg": 0.00039898163170703436,
            "min": 0,
            "med": 0,
            "max": 4.567,
            "p(90)": 0
        },
        "iterations": {
            "count": 138064,
            "rate": 657.446754974741
        },
        "http_req_duration{expected_response:true}": {
            "p(99)": 493.89349999999996,
            "avg": 119.54374901304546,
            "min": 0.266,
            "med": 82.222,
            "max": 888.893,
            "p(90)": 303.72,
            "p(95)": 388.5859999999998
        },
        "http_req_waiting": {
            "p(99)": 493.82823999999994,
            "avg": 119.48592981515877,
            "min": 0.257,
            "med": 82.1465,
            "max": 888.867,
            "p(90)": 303.66,
            "p(95)": 388.5214499999998
        },
        "http_req_duration": {
            "max": 888.893,
            "p(90)": 303.71639999999996,
            "p(95)": 388.56855,
            "p(99)": 493.89311,
            "avg": 119.53865558726339,
            "min": 0.266,
            "med": 82.21600000000001,
            "thresholds": {
                "p(99)<1000": false
            }
        },
        "data_received": {
            "count": 41125692,
            "rate": 195836.37118648356
        }
    }
}