{
    "metrics": {
        "http_req_tls_handshaking": {
            "max": 0,
            "p(90)": 0,
            "p(95)": 0,
            "p(99)": 0,
            "avg": 0,
            "min": 0,
            "med": 0
        },
        "iterations": {
            "count": 2864300,
            "rate": 13639.210887056886
        },
        "data_sent": {
            "count": 410585085,
            "rate": 1955122.215338888
        },
        "http_req_blocked": {
            "med": 0.001,
            "max": 14.323,
            "p(90)": 0.002,
            "p(95)": 0.002,
            "p(99)": 0.004,
            "avg": 0.00087545299026573,
            "min": 0
        },
        "http_req_duration": {
            "max": 665.384,
            "p(90)": 8.807,
            "p(95)": 10.529,
            "p(99)": 19.163009999999975,
            "avg": 5.719033811053263,
            "min": 0.16,
            "med": 5.527,
            "thresholds": {
                "p(99)<1000": false
            }
        },
        "http_req_receiving": {
            "med": 0.008,
            "max": 15.25,
            "p(90)": 0.024,
            "p(95)": 0.035,
            "p(99)": 0.059,
            "avg": 0.012801794504920973,
            "min": 0.003
        },
        "vus_max": {
            "value": 100,
            "min": 100,
            "max": 100
        },
        "http_req_duration{expected_response:true}": {
            "p(99)": 19.163009999999975,
            "avg": 5.719033811053263,
            "min": 0.16,
            "med": 5.527,
            "max": 665.384,
            "p(90)": 8.807,
            "p(95)": 10.529
        },
        "http_req_sending": {
            "med": 0.002,
            "max": 16.486,
            "p(90)": 0.008,
            "p(95)": 0.013,
            "p(99)": 0.025,
            "avg": 0.004533883322457714,
            "min": 0.001
        },
        "http_req_connecting": {
            "p(95)": 0,
            "p(99)": 0,
            "avg": 0.000022942429214816885,
            "min": 0,
            "med": 0,
            "max": 14.282,
            "p(90)": 0
        },
        "http_reqs": {
            "count": 2864300,
            "rate": 13639.210887056886
        },
        "iteration_duration": {
            "avg": 5.761063337500892,
            "min": 0.181667,
            "med": 5.568542,
            "max": 665.412791,
            "p(90)": 8.851791,
            "p(95)": 10.57716605,
            "p(99)": 19.209715659999983
        },
        "data_received": {
            "count": 530885685,
            "rate": 2527969.0725952773
        },
        "http_req_failed": {
            "passes": 0,
            "fails": 2864300,
            "thresholds": {
                "rate<0.01": false
            },
            "value": 0
        },
        "http_req_waiting": {
            "med": 5.511,
            "max": 665.362,
            "p(90)": 8.789,
            "p(95)": 10.507,
            "p(99)": 19.128,
            "avg": 5.701698133226382,
            "min": 0.152
        },
        "checks": {
            "passes": 5728600,
            "fails": 0,
            "value": 1
        },
        "vus": {
            "min": 1,
            "max": 100,
            "value": 1
        }
    },
    "root_group": {
        "name": "",
        "path": "",
        "id": "d41d8cd98f00b204e9800998ecf8427e",
        "groups": {},
        "checks": {
                "status is 200": {
                    "name": "status is 200",
                    "path": "::status is 200",
                    "id": "6210a8cd14cd70477eba5c5e4cb3fb5f",
                    "passes": 2864300,
                    "fails": 0
                },
                "body is hello world": {
                    "id": "db256fa93e36a4d0f1f90c80dfa61eec",
                    "passes": 2864300,
                    "fails": 0,
                    "name": "body is hello world",
                    "path": "::body is hello world"
                }
            }
    }
}