{
    "metrics": {
        "http_req_duration{expected_response:true}": {
            "max": 814.866,
            "p(90)": 101.936,
            "p(95)": 153.34059999999994,
            "p(99)": 220.32969999999995,
            "avg": 42.46604603764289,
            "min": 0.457,
            "med": 17.143
        },
        "data_sent": {
            "count": 87730615,
            "rate": 417751.2842666803
        },
        "http_req_duration": {
            "max": 814.866,
            "p(90)": 101.936,
            "p(95)": 153.34059999999994,
            "p(99)": 220.32969999999995,
            "avg": 42.46604603764289,
            "min": 0.457,
            "med": 17.143,
            "thresholds": {
                "p(99)<2000": false
            }
        },
        "vus_max": {
            "max": 100,
            "value": 100,
            "min": 100
        },
        "http_req_sending": {
            "p(90)": 0.014,
            "p(95)": 0.02,
            "p(99)": 0.03,
            "avg": 0.006411452902996867,
            "min": 0.002,
            "med": 0.004,
            "max": 4.247
        },
        "iteration_duration": {
            "p(95)": 153.41284579999993,
            "p(99)": 220.3856176399999,
            "avg": 42.526400595801704,
            "min": 0.489958,
            "med": 17.199292,
            "max": 814.906917,
            "p(90)": 101.99788360000002
        },
        "data_received": {
            "count": 101937888,
            "rate": 485402.7710558397
        },
        "http_req_connecting": {
            "med": 0,
            "max": 22.787,
            "p(90)": 0,
            "p(95)": 0,
            "p(99)": 0,
            "avg": 0.0001509384903319149,
            "min": 0
        },
        "http_req_tls_handshaking": {
            "p(99)": 0,
            "avg": 0,
            "min": 0,
            "med": 0,
            "max": 0,
            "p(90)": 0,
            "p(95)": 0
        },
        "iterations": {
            "count": 388443,
            "rate": 1849.6685805109435
        },
        "http_req_waiting": {
            "p(99)": 220.30529999999987,
            "avg": 42.44130603717892,
            "min": 0.444,
            "med": 17.119,
            "max": 814.844,
            "p(90)": 101.91,
            "p(95)": 153.32219999999987
        },
        "http_reqs": {
            "count": 388443,
            "rate": 1849.6685805109435
        },
        "http_req_blocked": {
            "max": 22.821,
            "p(90)": 0.002,
            "p(95)": 0.003,
            "p(99)": 0.004,
            "avg": 0.001160203684962758,
            "min": 0,
            "med": 0.001
        },
        "http_req_receiving": {
            "min": 0.004,
            "med": 0.011,
            "max": 6.929,
            "p(90)": 0.041,
            "p(95)": 0.05,
            "p(99)": 0.077,
            "avg": 0.01832854756039835
        },
        "vus": {
            "value": 1,
            "min": 1,
            "max": 100
        },
        "checks": {
            "passes": 776886,
            "fails": 0,
            "value": 1
        },
        "http_req_failed": {
            "passes": 0,
            "fails": 388443,
            "thresholds": {
                "rate<0.01": false
            },
            "value": 0
        }
    },
    "root_group": {
        "groups": {},
        "checks": {
                "status is 200": {
                    "id": "6210a8cd14cd70477eba5c5e4cb3fb5f",
                    "passes": 388443,
                    "fails": 0,
                    "name": "status is 200",
                    "path": "::status is 200"
                },
                "processed_name present": {
                    "id": "03a22013f2c2759212cd593a9af6b0a0",
                    "passes": 388443,
                    "fails": 0,
                    "name": "processed_name present",
                    "path": "::processed_name present"
                }
            },
        "name": "",
        "path": "",
        "id": "d41d8cd98f00b204e9800998ecf8427e"
    }
}