{
    "root_group": {
        "path": "",
        "id": "d41d8cd98f00b204e9800998ecf8427e",
        "groups": {},
        "checks": {
                "status is 200": {
                    "passes": 463528,
                    "fails": 0,
                    "name": "status is 200",
                    "path": "::status is 200",
                    "id": "6210a8cd14cd70477eba5c5e4cb3fb5f"
                },
                "processed_name present": {
                    "id": "03a22013f2c2759212cd593a9af6b0a0",
                    "passes": 463528,
                    "fails": 0,
                    "name": "processed_name present",
                    "path": "::processed_name present"
                }
            },
        "name": ""
    },
    "metrics": {
        "data_sent": {
            "count": 104750194,
            "rate": 498807.7018014129
        },
        "checks": {
            "passes": 927056,
            "fails": 0,
            "value": 1
        },
        "http_req_connecting": {
            "min": 0,
            "med": 0,
            "max": 4.783,
            "p(90)": 0,
            "p(95)": 0,
            "p(99)": 0,
            "avg": 0.00011938005902556047
        },
        "vus": {
            "value": 1,
            "min": 1,
            "max": 100
        },
        "http_req_receiving": {
            "avg": 0.03884949129284119,
            "min": 0.004,
            "med": 0.019,
            "max": 22.256,
            "p(90)": 0.048,
            "p(95)": 0.076,
            "p(99)": 0.3
        },
        "http_reqs": {
            "count": 463528,
            "rate": 2207.264040013189
        },
        "http_req_blocked": {
            "avg": 0.00248038090469821,
            "min": 0,
            "med": 0.001,
            "max": 13.036,
            "p(90)": 0.002,
            "p(95)": 0.003,
            "p(99)": 0.008
        },
        "http_req_waiting": {
            "avg": 35.44684825727975,
            "min": 0.433,
            "med": 14.026,
            "max": 699.866,
            "p(90)": 90.309,
            "p(95)": 107.416,
            "p(99)": 188.23464999999996
        },
        "http_req_duration{expected_response:true}": {
            "p(90)": 90.37,
            "p(95)": 107.486,
            "p(99)": 188.29046,
            "avg": 35.500345258539156,
            "min": 0.444,
            "med": 14.078,
            "max": 699.908
        },
        "http_req_sending": {
            "p(90)": 0.016,
            "p(95)": 0.025,
            "p(99)": 0.112,
            "avg": 0.01464750996700525,
            "min": 0.002,
            "med": 0.008,
            "max": 26.763
        },
        "iterations": {
            "rate": 2207.264040013189,
            "count": 463528
        },
        "http_req_tls_handshaking": {
            "p(99)": 0,
            "avg": 0,
            "min": 0,
            "med": 0,
            "max": 0,
            "p(90)": 0,
            "p(95)": 0
        },
        "iteration_duration": {
            "med": 14.208312500000002,
            "max": 699.987666,
            "p(90)": 90.49365019999999,
            "p(95)": 107.62244769999997,
            "p(99)": 188.40873740999993,
            "avg": 35.62715032614577,
            "min": 0.480542
        },
        "data_received": {
            "count": 121672434,
            "rate": 579389.3534567019
        },
        "http_req_duration": {
            "min": 0.444,
            "med": 14.078,
            "max": 699.908,
            "p(90)": 90.37,
            "p(95)": 107.486,
            "p(99)": 188.29046,
            "avg": 35.500345258539156,
            "thresholds": {
                "p(99)<2000": false
            }
        },
        "http_req_failed": {
            "passes": 0,
            "fails": 463528,
            "thresholds": {
                "rate<0.01": false
            },
            "value": 0
        },
        "vus_max": {
            "value": 100,
            "min": 100,
            "max": 100
        }
    }
}