{
    "root_group": {
        "name": "",
        "path": "",
        "id": "d41d8cd98f00b204e9800998ecf8427e",
        "groups": {},
        "checks": {
                "status is 200": {
                    "name": "status is 200",
                    "path": "::status is 200",
                    "id": "6210a8cd14cd70477eba5c5e4cb3fb5f",
                    "passes": 409082,
                    "fails": 0
                },
                "processed_name present": {
                    "path": "::processed_name present",
                    "id": "03a22013f2c2759212cd593a9af6b0a0",
                    "passes": 409082,
                    "fails": 0,
                    "name": "processed_name present"
                }
            }
    },
    "metrics": {
        "http_req_waiting": {
            "p(99)": 204.46408999999994,
            "avg": 40.297569127949565,
            "min": 0,
            "med": 15.896,
            "max": 762.463,
            "p(90)": 99.0699,
            "p(95)": 125.90689999999996
        },
        "http_req_tls_handshaking": {
            "avg": 0,
            "min": 0,
            "med": 0,
            "max": 0,
            "p(90)": 0,
            "p(95)": 0,
            "p(99)": 0
        },
        "http_req_sending": {
            "avg": 0.005308603165127891,
            "min": 0.002,
            "med": 0.004,
            "max": 3.092,
            "p(90)": 0.008,
            "p(95)": 0.014,
            "p(99)": 0.025
        },
        "iterations": {
            "count": 409082,
            "rate": 1948.5420232293864
        },
        "http_req_duration{expected_response:true}": {
            "max": 762.485,
            "p(90)": 99.087,
            "p(95)": 125.92184999999995,
            "p(99)": 204.48595,
            "avg": 40.31902063889472,
            "min": -56.958,
            "med": 15.916
        },
        "http_req_receiving": {
            "p(99)": 0.07,
            "avg": 0.016142907778894322,
            "min": -61.448,
            "med": 0.011,
            "max": 3.169,
            "p(90)": 0.035,
            "p(95)": 0.048
        },
        "checks": {
            "passes": 818164,
            "fails": 0,
            "value": 1
        },
        "http_req_blocked": {
            "avg": 0.0010563994504714754,
            "min": 0,
            "med": 0.001,
            "max": 25.691,
            "p(90)": 0.001,
            "p(95)": 0.002,
            "p(99)": 0.004
        },
        "data_received": {
            "count": 107362587,
            "rate": 511390.1674777208
        },
        "vus_max": {
            "max": 100,
            "value": 100,
            "min": 100
        },
        "vus": {
            "value": 1,
            "min": 1,
            "max": 100
        },
        "http_req_duration": {
            "p(99)": 204.48595,
            "avg": 40.31902063889472,
            "min": -56.958,
            "med": 15.916,
            "max": 762.485,
            "p(90)": 99.087,
            "p(95)": 125.92184999999995,
            "thresholds": {
                "p(99)<2000": false
            }
        },
        "http_req_failed": {
            "passes": 0,
            "fails": 409082,
            "thresholds": {
                "rate<0.01": false
            },
            "value": 0
        },
        "http_reqs": {
            "rate": 1948.5420232293864,
            "count": 409082
        },
        "http_req_connecting": {
            "p(99)": 0,
            "avg": 0.00022439510904904156,
            "min": 0,
            "med": 0,
            "max": 25.649,
            "p(90)": 0,
            "p(95)": 0
        },
        "iteration_duration": {
            "min": 0.517042,
            "med": 15.9797915,
            "max": 762.537292,
            "p(90)": 99.1531458,
            "p(95)": 125.9713940499999,
            "p(99)": 204.54355722999998,
            "avg": 40.37960482881585
        },
        "data_sent": {
            "count": 92409812,
            "rate": 440167.01307006227
        }
    }
}