{
  "samples": 57,
  "cpu_avg": 95.98280701754388,
  "cpu_max": 105.25,
  "mem_avg_mib": 16.895263157894735,
  "mem_max_mib": 19.52
}
