{
    "root_group": {
        "name": "",
        "path": "",
        "id": "d41d8cd98f00b204e9800998ecf8427e",
        "groups": {},
        "checks": {
                "status is 200": {
                    "fails": 0,
                    "name": "status is 200",
                    "path": "::status is 200",
                    "id": "6210a8cd14cd70477eba5c5e4cb3fb5f",
                    "passes": 1234095
                },
                "user id is 10": {
                    "name": "user id is 10",
                    "path": "::user id is 10",
                    "id": "2beb7b64808ff39ee6fe91e77ced8a64",
                    "passes": 1234095,
                    "fails": 0
                }
            }
    },
    "metrics": {
        "http_req_tls_handshaking": {
            "avg": 0,
            "min": 0,
            "med": 0,
            "max": 0,
            "p(90)": 0,
            "p(95)": 0,
            "p(99)": 0
        },
        "http_req_receiving": {
            "avg": 0.018874785166479377,
            "min": 0.004,
            "med": 0.009,
            "max": 39.065,
            "p(90)": 0.027,
            "p(95)": 0.042,
            "p(99)": 0.087
        },
        "http_req_waiting": {
            "max": 407.461,
            "p(90)": 40.3,
            "p(95)": 53.576,
            "p(99)": 68.26,
            "avg": 13.292079321284461,
            "min": 0.233,
            "med": 7.831
        },
        "vus": {
            "value": 1,
            "min": 1,
            "max": 100
        },
        "checks": {
            "passes": 2468190,
            "fails": 0,
            "value": 1
        },
        "iteration_duration": {
            "p(99)": 68.38826997999999,
            "avg": 13.378218362453916,
            "min": 0.268,
            "med": 7.908583,
            "max": 407.506416,
            "p(90)": 40.412625,
            "p(95)": 53.70217129999998
        },
        "http_req_duration{expected_response:true}": {
            "med": 7.852,
            "max": 407.474,
            "p(90)": 40.337,
            "p(95)": 53.61429999999994,
            "p(99)": 68.29906,
            "avg": 13.3166064695189,
            "min": 0.242
        },
        "data_sent": {
            "count": 159085060,
            "rate": 757544.3046227809
        },
        "http_req_connecting": {
            "med": 0,
            "max": 13.06,
            "p(90)": 0,
            "p(95)": 0,
            "p(99)": 0,
            "avg": 0.00006156981431737428,
            "min": 0
        },
        "iterations": {
            "count": 1234095,
            "rate": 5876.614929230002
        },
        "http_reqs": {
            "count": 1234095,
            "rate": 5876.614929230002
        },
        "vus_max": {
            "value": 100,
            "min": 100,
            "max": 100
        },
        "http_req_failed": {
            "passes": 0,
            "fails": 1234095,
            "thresholds": {
                "rate<0.01": false
            },
            "value": 0
        },
        "http_req_sending": {
            "min": 0.001,
            "med": 0.003,
            "max": 19.534,
            "p(90)": 0.008,
            "p(95)": 0.013,
            "p(99)": 0.026,
            "avg": 0.00565236306770739
        },
        "http_req_duration": {
            "avg": 13.3166064695189,
            "min": 0.242,
            "med": 7.852,
            "max": 407.474,
            "p(90)": 40.337,
            "p(95)": 53.61429999999994,
            "p(99)": 68.29906,
            "thresholds": {
                "p(99)<1000": false
            }
        },
        "data_received": {
            "count": 368881210,
            "rate": 1756568.8425918813
        },
        "http_req_blocked": {
            "avg": 0.001115556743998804,
            "min": 0,
            "med": 0.001,
            "max": 13.092,
            "p(90)": 0.002,
            "p(95)": 0.002,
            "p(99)": 0.004
        }
    }
}