{
    "root_group": {
        "path": "",
        "id": "d41d8cd98f00b204e9800998ecf8427e",
        "groups": {},
        "checks": {
                "status is 200": {
                    "name": "status is 200",
                    "path": "::status is 200",
                    "id": "6210a8cd14cd70477eba5c5e4cb3fb5f",
                    "passes": 1142217,
                    "fails": 0
                },
                "user id is 10": {
                    "name": "user id is 10",
                    "path": "::user id is 10",
                    "id": "2beb7b64808ff39ee6fe91e77ced8a64",
                    "passes": 1142217,
                    "fails": 0
                }
            },
        "name": ""
    },
    "metrics": {
        "data_received": {
            "count": 341333500,
            "rate": 1625337.7292221491
        },
        "iterations": {
            "count": 1142217,
            "rate": 5438.928159875709
        },
        "http_req_blocked": {
            "avg": 0.0009259930468463166,
            "min": 0,
            "med": 0.001,
            "max": 30.653,
            "p(90)": 0.002,
            "p(95)": 0.003,
            "p(99)": 0.004
        },
        "http_req_connecting": {
            "p(99)": 0,
            "avg": 0.00005001238818893433,
            "min": 0,
            "med": 0,
            "max": 9.774,
            "p(90)": 0,
            "p(95)": 0
        },
        "checks": {
            "passes": 2284434,
            "fails": 0,
            "value": 1
        },
        "vus_max": {
            "value": 100,
            "min": 100,
            "max": 100
        },
        "http_req_duration{expected_response:true}": {
            "p(90)": 42.522,
            "p(95)": 54.807,
            "p(99)": 70.15767999999998,
            "avg": 14.405668848388476,
            "min": 0.247,
            "med": 8.604,
            "max": 391.504
        },
        "http_req_receiving": {
            "avg": 0.014061616137681312,
            "min": 0.004,
            "med": 0.009,
            "max": 41.447,
            "p(90)": 0.029,
            "p(95)": 0.042,
            "p(99)": 0.064
        },
        "http_req_duration": {
            "avg": 14.405668848388476,
            "min": 0.247,
            "med": 8.604,
            "max": 391.504,
            "p(90)": 42.522,
            "p(95)": 54.807,
            "p(99)": 70.15767999999998,
            "thresholds": {
                "p(99)<1000": false
            }
        },
        "data_sent": {
            "rate": 700719.9420432785,
            "count": 147156610
        },
        "http_reqs": {
            "count": 1142217,
            "rate": 5438.928159875709
        },
        "http_req_tls_handshaking": {
            "avg": 0,
            "min": 0,
            "med": 0,
            "max": 0,
            "p(90)": 0,
            "p(95)": 0,
            "p(99)": 0
        },
        "iteration_duration": {
            "med": 8.651375,
            "max": 391.528167,
            "p(90)": 42.56704180000001,
            "p(95)": 54.85581659999998,
            "p(99)": 70.20903555999999,
            "avg": 14.454976050287248,
            "min": 0.275167
        },
        "http_req_sending": {
            "p(90)": 0.008,
            "p(95)": 0.013,
            "p(99)": 0.021,
            "avg": 0.004351692366699124,
            "min": 0.001,
            "med": 0.003,
            "max": 4.89
        },
        "http_req_waiting": {
            "p(90)": 42.503,
            "p(95)": 54.787,
            "p(99)": 70.134,
            "avg": 14.387255539884848,
            "min": 0.239,
            "med": 8.586,
            "max": 391.495
        },
        "vus": {
            "min": 1,
            "max": 100,
            "value": 1
        },
        "http_req_failed": {
            "passes": 0,
            "fails": 1142217,
            "thresholds": {
                "rate<0.01": false
            },
            "value": 0
        }
    }
}