{
    "metrics": {
        "checks": {
            "passes": 2320880,
            "fails": 0,
            "value": 1
        },
        "vus": {
            "value": 1,
            "min": 1,
            "max": 100
        },
        "http_req_tls_handshaking": {
            "min": 0,
            "med": 0,
            "max": 0,
            "p(90)": 0,
            "p(95)": 0,
            "p(99)": 0,
            "avg": 0
        },
        "http_req_failed": {
            "passes": 0,
            "fails": 1160440,
            "thresholds": {
                "rate<0.01": false
            },
            "value": 0
        },
        "http_req_duration{expected_response:true}": {
            "min": 0.288,
            "med": 8.779,
            "max": 635.828,
            "p(90)": 40.895,
            "p(95)": 54.322,
            "p(99)": 69.254,
            "avg": 14.179306314846153
        },
        "http_req_waiting": {
            "p(90)": 40.876,
            "p(95)": 54.30304999999995,
            "p(99)": 69.23360999999998,
            "avg": 14.160872335492854,
            "min": 0.276,
            "med": 8.762,
            "max": 635.729
        },
        "vus_max": {
            "value": 100,
            "min": 100,
            "max": 100
        },
        "http_req_receiving": {
            "p(90)": 0.028,
            "p(95)": 0.042,
            "p(99)": 0.062,
            "avg": 0.0140481438074671,
            "min": 0.004,
            "med": 0.009,
            "max": 53.791
        },
        "http_req_blocked": {
            "med": 0.001,
            "max": 42.47,
            "p(90)": 0.002,
            "p(95)": 0.002,
            "p(99)": 0.004,
            "avg": 0.0009440729378413313,
            "min": 0
        },
        "http_req_sending": {
            "p(90)": 0.008,
            "p(95)": 0.013,
            "p(99)": 0.021,
            "avg": 0.004385835545151318,
            "min": 0.001,
            "med": 0.003,
            "max": 19.664
        },
        "data_sent": {
            "count": 149513478,
            "rate": 711978.3172383199
        },
        "iteration_duration": {
            "avg": 14.229334439019407,
            "min": 0.314542,
            "med": 8.828333,
            "max": 636.025584,
            "p(90)": 40.948633400000006,
            "p(95)": 54.375127049999996,
            "p(99)": 69.30313749999999
        },
        "http_reqs": {
            "count": 1160440,
            "rate": 5525.977520608783
        },
        "data_received": {
            "count": 346788278,
            "rate": 1651394.495741813
        },
        "iterations": {
            "count": 1160440,
            "rate": 5525.977520608783
        },
        "http_req_duration": {
            "p(90)": 40.895,
            "p(95)": 54.322,
            "p(99)": 69.254,
            "avg": 14.179306314846153,
            "min": 0.288,
            "med": 8.779,
            "max": 635.828,
            "thresholds": {
                "p(99)<1000": false
            }
        },
        "http_req_connecting": {
            "p(95)": 0,
            "p(99)": 0,
            "avg": 0.00011738478508152084,
            "min": 0,
            "med": 0,
            "max": 42.433,
            "p(90)": 0
        }
    },
    "root_group": {
        "id": "d41d8cd98f00b204e9800998ecf8427e",
        "groups": {},
        "checks": {
                "status is 200": {
                    "name": "status is 200",
                    "path": "::status is 200",
                    "id": "6210a8cd14cd70477eba5c5e4cb3fb5f",
                    "passes": 1160440,
                    "fails": 0
                },
                "user id is 10": {
                    "name": "user id is 10",
                    "path": "::user id is 10",
                    "id": "2beb7b64808ff39ee6fe91e77ced8a64",
                    "passes": 1160440,
                    "fails": 0
                }
            },
        "name": "",
        "path": ""
    }
}