{
    "metrics": {
        "http_req_connecting": {
            "max": 120.036,
            "p(90)": 0,
            "p(95)": 0,
            "p(99)": 0,
            "avg": 0.000308042338912683,
            "min": 0,
            "med": 0
        },
        "http_reqs": {
            "rate": 4681.861339031514,
            "count": 983209
        },
        "http_req_tls_handshaking": {
            "min": 0,
            "med": 0,
            "max": 0,
            "p(90)": 0,
            "p(95)": 0,
            "p(99)": 0,
            "avg": 0
        },
        "data_sent": {
            "count": 126586590,
            "rate": 602782.1772998754
        },
        "http_req_duration": {
            "max": 1020.335,
            "p(90)": 48.047,
            "p(95)": 58.43559999999996,
            "p(99)": 84.5410399999999,
            "avg": 16.738679343863232,
            "min": 0.266,
            "med": 8.616,
            "thresholds": {
                "p(99)<1000": false
            }
        },
        "http_req_receiving": {
            "med": 0.009,
            "max": 76.276,
            "p(90)": 0.028,
            "p(95)": 0.042,
            "p(99)": 0.065,
            "avg": 0.014942214727432809,
            "min": 0.004
        },
        "iteration_duration": {
            "p(90)": 48.098242000000006,
            "p(95)": 58.491608199999995,
            "p(99)": 84.66418463999992,
            "avg": 16.792122238998502,
            "min": 0.295208,
            "med": 8.664333,
            "max": 1020.386125
        },
        "http_req_duration{expected_response:true}": {
            "max": 1020.335,
            "p(90)": 48.047,
            "p(95)": 58.43559999999996,
            "p(99)": 84.5410399999999,
            "avg": 16.738679343863232,
            "min": 0.266,
            "med": 8.616
        },
        "http_req_sending": {
            "p(99)": 0.022,
            "avg": 0.0048765908367552685,
            "min": 0.001,
            "med": 0.003,
            "max": 85.441,
            "p(90)": 0.008,
            "p(95)": 0.013
        },
        "data_received": {
            "count": 293732120,
            "rate": 1398698.6049352328
        },
        "http_req_blocked": {
            "med": 0.001,
            "max": 120.08,
            "p(90)": 0.002,
            "p(95)": 0.003,
            "p(99)": 0.004,
            "avg": 0.0012025774784290564,
            "min": 0
        },
        "http_req_waiting": {
            "avg": 16.71886053829838,
            "min": 0.252,
            "med": 8.599,
            "max": 1020.314,
            "p(90)": 48.028,
            "p(95)": 58.41759999999996,
            "p(99)": 84.48067999999996
        },
        "checks": {
            "passes": 1966418,
            "fails": 0,
            "value": 1
        },
        "http_req_failed": {
            "passes": 0,
            "fails": 983209,
            "thresholds": {
                "rate<0.01": false
            },
            "value": 0
        },
        "iterations": {
            "count": 983209,
            "rate": 4681.861339031514
        },
        "vus": {
            "value": 1,
            "min": 1,
            "max": 100
        },
        "vus_max": {
            "min": 100,
            "max": 100,
            "value": 100
        }
    },
    "root_group": {
        "groups": {},
        "checks": {
                "status is 200": {
                    "name": "status is 200",
                    "path": "::status is 200",
                    "id": "6210a8cd14cd70477eba5c5e4cb3fb5f",
                    "passes": 983209,
                    "fails": 0
                },
                "user id is 10": {
                    "id": "2beb7b64808ff39ee6fe91e77ced8a64",
                    "passes": 983209,
                    "fails": 0,
                    "name": "user id is 10",
                    "path": "::user id is 10"
                }
            },
        "name": "",
        "path": "",
        "id": "d41d8cd98f00b204e9800998ecf8427e"
    }
}