{
  "samples": 56,
  "cpu_avg": 100.09178571428572,
  "cpu_max": 112.37,
  "mem_avg_mib": 18.832678571428573,
  "mem_max_mib": 20.91
}
