{
  "samples": 56,
  "cpu_avg": 100.93803571428569,
  "cpu_max": 130.28,
  "mem_avg_mib": 20.687678571428567,
  "mem_max_mib": 23.72
}
