{
    "metrics": {
        "http_req_duration": {
            "max": 1211.456,
            "p(90)": 353.07,
            "p(95)": 421.7178999999999,
            "p(99)": 580.23982,
            "avg": 163.86204925585068,
            "min": 0.706,
            "med": 125.966,
            "thresholds": {
                "p(99)<3000": false
            }
        },
        "http_req_waiting": {
            "avg": 163.79562501613427,
            "min": 0.695,
            "med": 125.915,
            "max": 1211.361,
            "p(90)": 353.00739999999996,
            "p(95)": 421.6507999999999,
            "p(99)": 580.15678
        },
        "http_req_connecting": {
            "min": 0,
            "med": 0,
            "max": 3.495,
            "p(90)": 0,
            "p(95)": 0,
            "p(99)": 0,
            "avg": 0.0005305652359534943
        },
        "checks": {
            "passes": 200852,
            "fails": 586,
            "value": 0.9970909163117188
        },
        "data_sent": {
            "count": 37542670,
            "rate": 178773.7524205716
        },
        "http_req_sending": {
            "max": 11.067,
            "p(90)": 0.03,
            "p(95)": 0.033,
            "p(99)": 0.061,
            "avg": 0.01821607641060553,
            "min": 0.002,
            "med": 0.015
        },
        "http_req_receiving": {
            "p(90)": 0.086,
            "p(95)": 0.099,
            "p(99)": 0.161,
            "avg": 0.048208163305831046,
            "min": 0.005,
            "med": 0.038,
            "max": 16.711
        },
        "http_reqs": {
            "count": 100719,
            "rate": 479.6119607382094
        },
        "iteration_duration": {
            "p(90)": 353.2927750000001,
            "p(95)": 421.9375374999999,
            "p(99)": 580.5693063199998,
            "avg": 164.04658780652974,
            "min": 0.744708,
            "med": 126.145542,
            "max": 1211.65275
        },
        "http_req_failed": {
            "fails": 100426,
            "passes": 293,
            "thresholds": {
                "rate<0.02": false
            },
            "value": 0.0029090836882812578
        },
        "vus": {
            "value": 1,
            "min": 1,
            "max": 100
        },
        "http_req_duration{expected_response:true}": {
            "p(99)": 580.4314999999999,
            "avg": 164.2111003524986,
            "min": 0.706,
            "med": 126.565,
            "max": 1211.456,
            "p(90)": 353.53950000000003,
            "p(95)": 422.00099999999986
        },
        "http_req_tls_handshaking": {
            "max": 0,
            "p(90)": 0,
            "p(95)": 0,
            "p(99)": 0,
            "avg": 0,
            "min": 0,
            "med": 0
        },
        "iterations": {
            "count": 100719,
            "rate": 479.6119607382094
        },
        "vus_max": {
            "value": 100,
            "min": 100,
            "max": 100
        },
        "data_received": {
            "count": 41293871,
            "rate": 196636.52773340367
        },
        "http_req_blocked": {
            "p(99)": 0.009,
            "avg": 0.0035301780200346898,
            "min": 0,
            "med": 0.002,
            "max": 3.532,
            "p(90)": 0.005,
            "p(95)": 0.005
        }
    },
    "root_group": {
        "groups": {},
        "checks": {
                "status is 201": {
                    "id": "ec8c9afd59577ad0eb26fbf150ecf791",
                    "passes": 100426,
                    "fails": 293,
                    "name": "status is 201",
                    "path": "::status is 201"
                },
                "customer id matches": {
                    "path": "::customer id matches",
                    "id": "f0c0cde98ae16a97035c76c72ddcc3c4",
                    "passes": 100426,
                    "fails": 293,
                    "name": "customer id matches"
                }
            },
        "name": "",
        "path": "",
        "id": "d41d8cd98f00b204e9800998ecf8427e"
    }
}