{
    "metrics": {
        "http_req_duration{expected_response:true}": {
            "p(90)": 89.358,
            "p(95)": 101.33579999999998,
            "p(99)": 148.88367999999994,
            "avg": 46.015852120873454,
            "min": 0.903,
            "med": 38.109,
            "max": 352.166
        },
        "data_sent": {
            "count": 133993194,
            "rate": 638068.2491131257
        },
        "http_req_connecting": {
            "min": 0,
            "med": 0,
            "max": 25.41,
            "p(90)": 0,
            "p(95)": 0,
            "p(99)": 0,
            "avg": 0.00023737036778560952
        },
        "http_req_waiting": {
            "p(99)": 148.84683999999996,
            "avg": 45.98698711703523,
            "min": 0.884,
            "med": 38.082,
            "max": 352.147,
            "p(90)": 89.3266,
            "p(95)": 101.31059999999998
        },
        "http_req_failed": {
            "passes": 0,
            "fails": 358225,
            "thresholds": {
                "rate<0.02": false
            },
            "value": 0
        },
        "http_req_sending": {
            "max": 1.671,
            "p(90)": 0.015,
            "p(95)": 0.022,
            "p(99)": 0.032,
            "avg": 0.007887542745482676,
            "min": 0.002,
            "med": 0.006
        },
        "vus": {
            "value": 1,
            "min": 1,
            "max": 100
        },
        "iterations": {
            "count": 358225,
            "rate": 1705.8478249167601
        },
        "vus_max": {
            "value": 100,
            "min": 100,
            "max": 100
        },
        "http_req_receiving": {
            "min": 0.005,
            "med": 0.014,
            "max": 2.994,
            "p(90)": 0.044,
            "p(95)": 0.056,
            "p(99)": 0.088,
            "avg": 0.020977461092891527
        },
        "http_req_duration": {
            "avg": 46.015852120873454,
            "min": 0.903,
            "med": 38.109,
            "max": 352.166,
            "p(90)": 89.358,
            "p(95)": 101.33579999999998,
            "p(99)": 148.88367999999994,
            "thresholds": {
                "p(99)<3000": false
            }
        },
        "http_req_tls_handshaking": {
            "p(95)": 0,
            "p(99)": 0,
            "avg": 0,
            "min": 0,
            "med": 0,
            "max": 0,
            "p(90)": 0
        },
        "data_received": {
            "count": 147924255,
            "rate": 704407.1983925806
        },
        "http_reqs": {
            "count": 358225,
            "rate": 1705.8478249167601
        },
        "checks": {
            "passes": 716450,
            "fails": 0,
            "value": 1
        },
        "iteration_duration": {
            "avg": 46.10052058136779,
            "min": 0.95975,
            "med": 38.19225,
            "max": 352.2435,
            "p(90)": 89.45012460000001,
            "p(95)": 101.43505799999993,
            "p(99)": 148.9709868399999
        },
        "http_req_blocked": {
            "min": 0,
            "med": 0.001,
            "max": 25.442,
            "p(90)": 0.002,
            "p(95)": 0.003,
            "p(99)": 0.005,
            "avg": 0.0014301737734593967
        }
    },
    "root_group": {
        "name": "",
        "path": "",
        "id": "d41d8cd98f00b204e9800998ecf8427e",
        "groups": {},
        "checks": {
                "status is 201": {
                    "id": "ec8c9afd59577ad0eb26fbf150ecf791",
                    "passes": 358225,
                    "fails": 0,
                    "name": "status is 201",
                    "path": "::status is 201"
                },
                "customer id matches": {
                    "name": "customer id matches",
                    "path": "::customer id matches",
                    "id": "f0c0cde98ae16a97035c76c72ddcc3c4",
                    "passes": 358225,
                    "fails": 0
                }
            }
    }
}