{
    "root_group": {
        "name": "",
        "path": "",
        "id": "d41d8cd98f00b204e9800998ecf8427e",
        "groups": {},
        "checks": {
                "status is 200": {
                    "path": "::status is 200",
                    "id": "6210a8cd14cd70477eba5c5e4cb3fb5f",
                    "passes": 1157711,
                    "fails": 0,
                    "name": "status is 200"
                },
                "status field ok": {
                    "name": "status field ok",
                    "path": "::status field ok",
                    "id": "6f725f76b11777dfc61d5bb0aebe451e",
                    "passes": 1157711,
                    "fails": 0
                }
            }
    },
    "metrics": {
        "http_req_duration{expected_response:true}": {
            "min": 0.205,
            "med": 7.959,
            "max": 224.082,
            "p(90)": 48.789,
            "p(95)": 57.425,
            "p(99)": 69.625,
            "avg": 14.209891871114792
        },
        "iteration_duration": {
            "avg": 14.260856050695757,
            "min": 0.228708,
            "med": 8.00725,
            "max": 224.146375,
            "p(90)": 48.844833,
            "p(95)": 57.482334,
            "p(99)": 69.68934549999999
        },
        "vus_max": {
            "value": 100,
            "min": 100,
            "max": 100
        },
        "http_req_tls_handshaking": {
            "med": 0,
            "max": 0,
            "p(90)": 0,
            "p(95)": 0,
            "p(99)": 0,
            "avg": 0,
            "min": 0
        },
        "http_req_waiting": {
            "avg": 14.189960459907637,
            "min": 0.194,
            "med": 7.94,
            "max": 224.06,
            "p(90)": 48.765,
            "p(95)": 57.401,
            "p(99)": 69.59389999999999
        },
        "http_reqs": {
            "count": 1157711,
            "rate": 5512.884112038951
        },
        "data_sent": {
            "count": 2518991928,
            "rate": 11995144.365239307
        },
        "data_received": {
            "count": 223251015,
            "rate": 1063095.1710660686
        },
        "http_req_receiving": {
            "max": 23.856,
            "p(90)": 0.025,
            "p(95)": 0.039,
            "p(99)": 0.061,
            "avg": 0.014107370492201877,
            "min": 0.004,
            "med": 0.008
        },
        "http_req_connecting": {
            "avg": 0.000040935950336482956,
            "min": 0,
            "med": 0,
            "max": 6.551,
            "p(90)": 0,
            "p(95)": 0,
            "p(99)": 0
        },
        "iterations": {
            "count": 1157711,
            "rate": 5512.884112038951
        },
        "http_req_blocked": {
            "avg": 0.0009250659274977429,
            "min": 0,
            "med": 0.001,
            "max": 10.079,
            "p(90)": 0.002,
            "p(95)": 0.002,
            "p(99)": 0.004
        },
        "checks": {
            "passes": 2315422,
            "fails": 0,
            "value": 1
        },
        "http_req_failed": {
            "passes": 0,
            "fails": 1157711,
            "thresholds": {
                "rate<0.01": false
            },
            "value": 0
        },
        "vus": {
            "value": 1,
            "min": 1,
            "max": 100
        },
        "http_req_duration": {
            "max": 224.082,
            "p(90)": 48.789,
            "p(95)": 57.425,
            "p(99)": 69.625,
            "avg": 14.209891871114792,
            "min": 0.205,
            "med": 7.959,
            "thresholds": {
                "p(99)<1500": false
            }
        },
        "http_req_sending": {
            "avg": 0.005824040714792622,
            "min": 0.002,
            "med": 0.003,
            "max": 9.402,
            "p(90)": 0.01,
            "p(95)": 0.017,
            "p(99)": 0.028
        }
    }
}