{
    "metrics": {
        "iteration_duration": {
            "p(90)": 48.9265123,
            "p(95)": 57.49931865,
            "p(99)": 67.82776418999998,
            "avg": 13.663359493703105,
            "min": 0.24775,
            "med": 7.674667,
            "max": 167.268541
        },
        "http_req_sending": {
            "max": 16.101,
            "p(90)": 0.011,
            "p(95)": 0.017,
            "p(99)": 0.026,
            "avg": 0.0059182421630245684,
            "min": 0.001,
            "med": 0.004
        },
        "http_req_duration": {
            "avg": 13.610569036365794,
            "min": 0.221,
            "med": 7.623,
            "max": 167.211,
            "p(90)": 48.871,
            "p(95)": 57.445,
            "p(99)": 67.771,
            "thresholds": {
                "p(99)<1500": false
            }
        },
        "http_req_connecting": {
            "med": 0,
            "max": 24.683,
            "p(90)": 0,
            "p(95)": 0,
            "p(99)": 0,
            "avg": 0.0000497597037007616,
            "min": 0
        },
        "http_req_duration{expected_response:true}": {
            "avg": 13.610569036365794,
            "min": 0.221,
            "med": 7.623,
            "max": 167.211,
            "p(90)": 48.871,
            "p(95)": 57.445,
            "p(99)": 67.771
        },
        "checks": {
            "passes": 2417016,
            "fails": 0,
            "value": 1
        },
        "data_sent": {
            "count": 2629546912,
            "rate": 12521733.949448477
        },
        "http_req_blocked": {
            "p(95)": 0.002,
            "p(99)": 0.004,
            "avg": 0.0009092782174289719,
            "min": 0,
            "med": 0.001,
            "max": 24.717,
            "p(90)": 0.002
        },
        "vus": {
            "value": 1,
            "min": 1,
            "max": 100
        },
        "iterations": {
            "count": 1208508,
            "rate": 5754.837680484812
        },
        "http_reqs": {
            "count": 1208508,
            "rate": 5754.837680484812
        },
        "http_req_waiting": {
            "avg": 13.589745784057934,
            "min": 0.21,
            "med": 7.604,
            "max": 167.2,
            "p(90)": 48.848,
            "p(95)": 57.425,
            "p(99)": 67.724
        },
        "vus_max": {
            "value": 100,
            "min": 100,
            "max": 100
        },
        "http_req_receiving": {
            "max": 31.996,
            "p(90)": 0.028,
            "p(95)": 0.039,
            "p(99)": 0.057,
            "avg": 0.014905010144696368,
            "min": 0.004,
            "med": 0.008
        },
        "http_req_tls_handshaking": {
            "p(90)": 0,
            "p(95)": 0,
            "p(99)": 0,
            "avg": 0,
            "min": 0,
            "med": 0,
            "max": 0
        },
        "http_req_failed": {
            "passes": 0,
            "fails": 1208508,
            "thresholds": {
                "rate<0.01": false
            },
            "value": 0
        },
        "data_received": {
            "rate": 1109890.829047095,
            "count": 233075548
        }
    },
    "root_group": {
        "id": "d41d8cd98f00b204e9800998ecf8427e",
        "groups": {},
        "checks": {
                "status is 200": {
                    "name": "status is 200",
                    "path": "::status is 200",
                    "id": "6210a8cd14cd70477eba5c5e4cb3fb5f",
                    "passes": 1208508,
                    "fails": 0
                },
                "status field ok": {
                    "fails": 0,
                    "name": "status field ok",
                    "path": "::status field ok",
                    "id": "6f725f76b11777dfc61d5bb0aebe451e",
                    "passes": 1208508
                }
            },
        "name": "",
        "path": ""
    }
}