{
    "root_group": {
        "checks": {
            "status is 200": {
                "name": "status is 200",
                "path": "::status is 200",
                "id": "6210a8cd14cd70477eba5c5e4cb3fb5f",
                "passes": 1056235,
                "fails": 0
            },
            "status field ok": {
                "path": "::status field ok",
                "id": "6f725f76b11777dfc61d5bb0aebe451e",
                "passes": 1056235,
                "fails": 0,
                "name": "status field ok"
            }
        },
        "name": "",
        "path": "",
        "id": "d41d8cd98f00b204e9800998ecf8427e",
        "groups": {}
    },
    "metrics": {
        "http_req_blocked": {
            "p(95)": 0.002,
            "p(99)": 0.004,
            "avg": 0.000998871463254046,
            "min": 0,
            "med": 0.001,
            "max": 11.812,
            "p(90)": 0.002
        },
        "http_req_receiving": {
            "min": 0.004,
            "med": 0.009,
            "max": 82.494,
            "p(90)": 0.025,
            "p(95)": 0.038,
            "p(99)": 0.063,
            "avg": 0.015361031399177542
        },
        "http_req_failed": {
            "passes": 0,
            "fails": 1056235,
            "thresholds": {
                "rate<0.01": false
            },
            "value": 0
        },
        "data_sent": {
            "count": 2298146076,
            "rate": 10944497.200848922
        },
        "iterations": {
            "count": 1056235,
            "rate": 5030.124551986339
        },
        "http_req_connecting": {
            "p(95)": 0,
            "p(99)": 0,
            "avg": 0.000044539330736057805,
            "min": 0,
            "med": 0,
            "max": 11.777,
            "p(90)": 0
        },
        "data_received": {
            "count": 203632071,
            "rate": 969760.2142600134
        },
        "http_req_duration": {
            "med": 9.033,
            "max": 775.406,
            "p(90)": 47.378,
            "p(95)": 58.02829999999995,
            "p(99)": 75.56866,
            "avg": 15.575167063200812,
            "min": 0.201,
            "thresholds": {
                "p(99)<1500": false
            }
        },
        "vus": {
            "value": 1,
            "min": 1,
            "max": 100
        },
        "http_req_tls_handshaking": {
            "p(99)": 0,
            "avg": 0,
            "min": 0,
            "med": 0,
            "max": 0,
            "p(90)": 0,
            "p(95)": 0
        },
        "checks": {
            "passes": 2112470,
            "fails": 0,
            "value": 1
        },
        "iteration_duration": {
            "max": 775.483541,
            "p(90)": 47.445617000000006,
            "p(95)": 58.09124099999999,
            "p(99)": 75.64635622,
            "avg": 15.632768531315698,
            "min": 0.226708,
            "med": 9.085375
        },
        "vus_max": {
            "value": 100,
            "min": 100,
            "max": 100
        },
        "http_reqs": {
            "count": 1056235,
            "rate": 5030.124551986339
        },
        "http_req_duration{expected_response:true}": {
            "p(95)": 58.02829999999995,
            "p(99)": 75.56866,
            "avg": 15.575167063200812,
            "min": 0.201,
            "med": 9.033,
            "max": 775.406,
            "p(90)": 47.378
        },
        "http_req_waiting": {
            "avg": 15.553639297126201,
            "min": 0.191,
            "med": 9.014,
            "max": 775.362,
            "p(90)": 47.34760000000002,
            "p(95)": 58.009,
            "p(99)": 75.53966
        },
        "http_req_sending": {
            "p(95)": 0.016,
            "p(99)": 0.027,
            "avg": 0.006166734675491197,
            "min": 0.002,
            "med": 0.004,
            "max": 17.091,
            "p(90)": 0.01
        }
    }
}