{
    "root_group": {
        "name": "",
        "path": "",
        "id": "d41d8cd98f00b204e9800998ecf8427e",
        "groups": {},
        "checks": {
                "status is 200": {
                    "name": "status is 200",
                    "path": "::status is 200",
                    "id": "6210a8cd14cd70477eba5c5e4cb3fb5f",
                    "passes": 1188891,
                    "fails": 0
                },
                "status field ok": {
                    "name": "status field ok",
                    "path": "::status field ok",
                    "id": "6f725f76b11777dfc61d5bb0aebe451e",
                    "passes": 1188891,
                    "fails": 0
                }
            }
    },
    "metrics": {
        "http_req_blocked": {
            "med": 0.001,
            "max": 23.93,
            "p(90)": 0.002,
            "p(95)": 0.002,
            "p(99)": 0.004,
            "avg": 0.0008959433623340731,
            "min": 0
        },
        "vus": {
            "value": 1,
            "min": 1,
            "max": 100
        },
        "data_sent": {
            "count": 2586849940,
            "rate": 12317974.35993709
        },
        "iterations": {
            "count": 1188891,
            "rate": 5661.220864925766
        },
        "vus_max": {
            "value": 100,
            "min": 100,
            "max": 100
        },
        "checks": {
            "passes": 2377782,
            "fails": 0,
            "value": 1
        },
        "http_req_failed": {
            "passes": 0,
            "fails": 1188891,
            "thresholds": {
                "rate<0.01": false
            },
            "value": 0
        },
        "http_req_receiving": {
            "med": 0.008,
            "max": 23.936,
            "p(90)": 0.027,
            "p(95)": 0.039,
            "p(99)": 0.057,
            "avg": 0.01331459654408879,
            "min": 0.004
        },
        "http_reqs": {
            "count": 1188891,
            "rate": 5661.220864925766
        },
        "http_req_duration{expected_response:true}": {
            "med": 8.039,
            "max": 238.75,
            "p(90)": 47.787,
            "p(95)": 56.3,
            "p(99)": 66.48819999999998,
            "avg": 13.838031859102356,
            "min": 0.206
        },
        "iteration_duration": {
            "min": 0.232917,
            "med": 8.086625,
            "max": 238.828625,
            "p(90)": 47.836708,
            "p(95)": 56.34799999999999,
            "p(99)": 66.5447247,
            "avg": 13.887109377387361
        },
        "http_req_sending": {
            "min": -0.137,
            "med": 0.003,
            "max": 23.689,
            "p(90)": 0.011,
            "p(95)": 0.017,
            "p(99)": 0.026,
            "avg": 0.005716068167697509
        },
        "http_req_waiting": {
            "avg": 13.819001194390497,
            "min": 0.197,
            "med": 8.02,
            "max": 238.721,
            "p(90)": 47.768,
            "p(95)": 56.281,
            "p(99)": 66.461
        },
        "data_received": {
            "rate": 1091773.3847892953,
            "count": 229279087
        },
        "http_req_connecting": {
            "p(90)": 0,
            "p(95)": 0,
            "p(99)": 0,
            "avg": 0.00002751724085723587,
            "min": 0,
            "med": 0,
            "max": 3.678
        },
        "http_req_tls_handshaking": {
            "p(90)": 0,
            "p(95)": 0,
            "p(99)": 0,
            "avg": 0,
            "min": 0,
            "med": 0,
            "max": 0
        },
        "http_req_duration": {
            "max": 238.75,
            "p(90)": 47.787,
            "p(95)": 56.3,
            "p(99)": 66.48819999999998,
            "avg": 13.838031859102356,
            "min": 0.206,
            "med": 8.039,
            "thresholds": {
                "p(99)<1500": false
            }
        }
    }
}