{
  "samples": 56,
  "cpu_avg": 98.1110714285714,
  "cpu_max": 109.80,
  "mem_avg_mib": 14.331071428571423,
  "mem_max_mib": 16.92
}
