{
  "samples": 55,
  "cpu_avg": 93.33400000000002,
  "cpu_max": 106.81,
  "mem_avg_mib": 14.177599999999998,
  "mem_max_mib": 15.94
}
