{
    "metrics": {
        "iteration_duration": {
            "p(90)": 10.488217200000003,
            "p(95)": 14.3062911,
            "p(99)": 31.752369739999995,
            "avg": 6.470899140150286,
            "min": 0.16925,
            "med": 5.565209,
            "max": 375.098084
        },
        "http_req_duration": {
            "p(99)": 31.704219999999978,
            "avg": 6.431201030080885,
            "min": 0.151,
            "med": 5.526,
            "max": 374.972,
            "p(90)": 10.444,
            "p(95)": 14.258,
            "thresholds": {
                "p(99)<1000": false
            }
        },
        "http_req_sending": {
            "med": 0.002,
            "max": 20.336,
            "p(90)": 0.008,
            "p(95)": 0.012,
            "p(99)": 0.023,
            "avg": 0.004286506966095877,
            "min": 0.001
        },
        "iterations": {
            "count": 2550479,
            "rate": 12145.085697868371
        },
        "checks": {
            "passes": 5100958,
            "fails": 0,
            "value": 1
        },
        "data_received": {
            "rate": 2250438.610012473,
            "count": 472594147
        },
        "data_sent": {
            "count": 365474029,
            "rate": 1740345.0107020016
        },
        "http_req_blocked": {
            "max": 16.319,
            "p(90)": 0.001,
            "p(95)": 0.002,
            "p(99)": 0.004,
            "avg": 0.0008143242896624972,
            "min": 0,
            "med": 0.001
        },
        "http_req_failed": {
            "passes": 0,
            "fails": 2550479,
            "thresholds": {
                "rate<0.01": false
            },
            "value": 0
        },
        "http_req_duration{expected_response:true}": {
            "avg": 6.431201030080885,
            "min": 0.151,
            "med": 5.526,
            "max": 374.972,
            "p(90)": 10.444,
            "p(95)": 14.258,
            "p(99)": 31.704219999999978
        },
        "http_reqs": {
            "count": 2550479,
            "rate": 12145.085697868371
        },
        "vus_max": {
            "value": 100,
            "min": 100,
            "max": 100
        },
        "http_req_connecting": {
            "max": 16.26,
            "p(90)": 0,
            "p(95)": 0,
            "p(99)": 0,
            "avg": 0.000018023281116998027,
            "min": 0,
            "med": 0
        },
        "vus": {
            "min": 1,
            "max": 100,
            "value": 1
        },
        "http_req_waiting": {
            "med": 5.511,
            "max": 374.9,
            "p(90)": 10.424,
            "p(95)": 14.235,
            "p(99)": 31.684,
            "avg": 6.41484253742219,
            "min": 0.142
        },
        "http_req_receiving": {
            "p(95)": 0.034,
            "p(99)": 0.055,
            "avg": 0.012071985693897547,
            "min": 0.004,
            "med": 0.007,
            "max": 110.871,
            "p(90)": 0.022
        },
        "http_req_tls_handshaking": {
            "p(95)": 0,
            "p(99)": 0,
            "avg": 0,
            "min": 0,
            "med": 0,
            "max": 0,
            "p(90)": 0
        }
    },
    "root_group": {
        "name": "",
        "path": "",
        "id": "d41d8cd98f00b204e9800998ecf8427e",
        "groups": {},
        "checks": {
                "status is 200": {
                    "path": "::status is 200",
                    "id": "6210a8cd14cd70477eba5c5e4cb3fb5f",
                    "passes": 2550479,
                    "fails": 0,
                    "name": "status is 200"
                },
                "body is hello world": {
                    "name": "body is hello world",
                    "path": "::body is hello world",
                    "id": "db256fa93e36a4d0f1f90c80dfa61eec",
                    "passes": 2550479,
                    "fails": 0
                }
            }
    }
}