{
    "metrics": {
        "iteration_duration": {
            "p(90)": 99.98199220000001,
            "p(95)": 131.07526659999988,
            "p(99)": 209.49324999999996,
            "avg": 40.81955908338117,
            "min": 0.500541,
            "med": 16.120125,
            "max": 833.286167
        },
        "http_req_connecting": {
            "max": 3.361,
            "p(90)": 0,
            "p(95)": 0,
            "p(99)": 0,
            "avg": 0.00011090211160902976,
            "min": 0,
            "med": 0
        },
        "http_req_tls_handshaking": {
            "min": 0,
            "med": 0,
            "max": 0,
            "p(90)": 0,
            "p(95)": 0,
            "p(99)": 0,
            "avg": 0
        },
        "checks": {
            "passes": 809146,
            "fails": 0,
            "value": 1
        },
        "http_req_duration{expected_response:true}": {
            "p(95)": 131.0259999999999,
            "p(99)": 209.42175999999995,
            "avg": 40.764979328823266,
            "min": 0.471,
            "med": 16.066,
            "max": 833.141,
            "p(90)": 99.923
        },
        "http_req_receiving": {
            "med": 0.011,
            "max": 3.695,
            "p(90)": 0.037,
            "p(95)": 0.049,
            "p(99)": 0.07,
            "avg": 0.016508820410667344,
            "min": 0.004
        },
        "vus": {
            "value": 1,
            "min": 1,
            "max": 100
        },
        "http_req_blocked": {
            "p(90)": 0.001,
            "p(95)": 0.002,
            "p(99)": 0.004,
            "avg": 0.0009489016815229965,
            "min": 0,
            "med": 0.001,
            "max": 3.407
        },
        "data_sent": {
            "count": 91390715,
            "rate": 435197.8288183995
        },
        "http_reqs": {
            "count": 404573,
            "rate": 1926.555571849354
        },
        "data_received": {
            "count": 106179059,
            "rate": 505619.15335470065
        },
        "http_req_waiting": {
            "avg": 40.743101984068,
            "min": 0.458,
            "med": 16.041,
            "max": 833.107,
            "p(90)": 99.903,
            "p(95)": 131.00079999999986,
            "p(99)": 209.40195999999997
        },
        "iterations": {
            "count": 404573,
            "rate": 1926.555571849354
        },
        "http_req_sending": {
            "p(95)": 0.016,
            "p(99)": 0.026,
            "avg": 0.005368524345414003,
            "min": 0.002,
            "med": 0.004,
            "max": 1.711,
            "p(90)": 0.008
        },
        "http_req_duration": {
            "med": 16.066,
            "max": 833.141,
            "p(90)": 99.923,
            "p(95)": 131.0259999999999,
            "p(99)": 209.42175999999995,
            "avg": 40.764979328823266,
            "min": 0.471,
            "thresholds": {
                "p(99)<2000": false
            }
        },
        "http_req_failed": {
            "fails": 404573,
            "passes": 0,
            "thresholds": {
                "rate<0.01": false
            },
            "value": 0
        },
        "vus_max": {
            "value": 100,
            "min": 100,
            "max": 100
        }
    },
    "root_group": {
        "name": "",
        "path": "",
        "id": "d41d8cd98f00b204e9800998ecf8427e",
        "groups": {},
        "checks": {
                "status is 200": {
                    "id": "6210a8cd14cd70477eba5c5e4cb3fb5f",
                    "passes": 404573,
                    "fails": 0,
                    "name": "status is 200",
                    "path": "::status is 200"
                },
                "processed_name present": {
                    "name": "processed_name present",
                    "path": "::processed_name present",
                    "id": "03a22013f2c2759212cd593a9af6b0a0",
                    "passes": 404573,
                    "fails": 0
                }
            }
    }
}