{
    "metrics": {
        "vus": {
            "value": 1,
            "min": 1,
            "max": 100
        },
        "http_req_duration{expected_response:true}": {
            "avg": 5.403222457427827,
            "min": 0.164,
            "med": 5.184,
            "max": 360.717,
            "p(90)": 8.178,
            "p(95)": 9.746,
            "p(99)": 18.984
        },
        "http_req_sending": {
            "med": 0.002,
            "max": 50.668,
            "p(90)": 0.008,
            "p(95)": 0.012,
            "p(99)": 0.025,
            "avg": 0.004512938564329349,
            "min": 0.001
        },
        "data_received": {
            "count": 561659704,
            "rate": 2674607.0941964346
        },
        "http_req_receiving": {
            "max": 115.91,
            "p(90)": 0.023,
            "p(95)": 0.032,
            "p(99)": 0.055,
            "avg": 0.012241856610796385,
            "min": 0.004,
            "med": 0.007
        },
        "http_reqs": {
            "rate": 14428.642865616104,
            "count": 3029973
        },
        "http_req_duration": {
            "min": 0.164,
            "med": 5.184,
            "max": 360.717,
            "p(90)": 8.178,
            "p(95)": 9.746,
            "p(99)": 18.984,
            "avg": 5.403222457427827,
            "thresholds": {
                "p(99)<1000": false
            }
        },
        "data_sent": {
            "count": 434400838,
            "rate": 2068604.093840558
        },
        "http_req_waiting": {
            "p(99)": 18.963,
            "avg": 5.386467662252825,
            "min": 0.154,
            "med": 5.168,
            "max": 360.694,
            "p(90)": 8.161,
            "p(95)": 9.725
        },
        "checks": {
            "passes": 6059946,
            "fails": 0,
            "value": 1
        },
        "http_req_blocked": {
            "p(95)": 0.002,
            "p(99)": 0.004,
            "avg": 0.0009013651276871275,
            "min": 0,
            "med": 0.001,
            "max": 65.168,
            "p(90)": 0.002
        },
        "vus_max": {
            "value": 100,
            "min": 100,
            "max": 100
        },
        "http_req_tls_handshaking": {
            "min": 0,
            "med": 0,
            "max": 0,
            "p(90)": 0,
            "p(95)": 0,
            "p(99)": 0,
            "avg": 0
        },
        "iteration_duration": {
            "avg": 5.44558527044366,
            "min": 0.186416,
            "med": 5.224958,
            "max": 360.765083,
            "p(90)": 8.222667,
            "p(95)": 9.795292,
            "p(99)": 19.030052239999993
        },
        "http_req_connecting": {
            "p(90)": 0,
            "p(95)": 0,
            "p(99)": 0,
            "avg": 0.000022518352473767923,
            "min": 0,
            "med": 0,
            "max": 16.31
        },
        "http_req_failed": {
            "passes": 0,
            "fails": 3029973,
            "thresholds": {
                "rate<0.01": false
            },
            "value": 0
        },
        "iterations": {
            "count": 3029973,
            "rate": 14428.642865616104
        }
    },
    "root_group": {
        "name": "",
        "path": "",
        "id": "d41d8cd98f00b204e9800998ecf8427e",
        "groups": {},
        "checks": {
                "status is 200": {
                    "id": "6210a8cd14cd70477eba5c5e4cb3fb5f",
                    "passes": 3029973,
                    "fails": 0,
                    "name": "status is 200",
                    "path": "::status is 200"
                },
                "body is hello world": {
                    "name": "body is hello world",
                    "path": "::body is hello world",
                    "id": "db256fa93e36a4d0f1f90c80dfa61eec",
                    "passes": 3029973,
                    "fails": 0
                }
            }
    }
}