{
    "metrics": {
        "http_req_connecting": {
            "min": 0,
            "med": 0,
            "max": 20.632,
            "p(90)": 0,
            "p(95)": 0,
            "p(99)": 0,
            "avg": 0.00013692549551493484
        },
        "http_req_duration{expected_response:true}": {
            "p(90)": 92.18070000000002,
            "p(95)": 105.81934999999999,
            "p(99)": 178.41727,
            "avg": 36.31339792018018,
            "min": 0.388,
            "med": 15.195,
            "max": 774.87
        },
        "http_req_waiting": {
            "p(99)": 178.39580999999998,
            "avg": 36.29328661262002,
            "min": 0.379,
            "med": 15.1745,
            "max": 774.752,
            "p(90)": 92.161,
            "p(95)": 105.799
        },
        "data_sent": {
            "count": 102622461,
            "rate": 488666.28307934146
        },
        "iterations": {
            "count": 454174,
            "rate": 2162.6797709643392
        },
        "vus": {
            "min": 1,
            "max": 100,
            "value": 1
        },
        "http_req_failed": {
            "passes": 0,
            "fails": 454174,
            "thresholds": {
                "rate<0.01": false
            },
            "value": 0
        },
        "http_req_sending": {
            "max": 6.18,
            "p(90)": 0.007,
            "p(95)": 0.01,
            "p(99)": 0.024,
            "avg": 0.0048050284692543925,
            "min": 0.002,
            "med": 0.003
        },
        "vus_max": {
            "min": 100,
            "max": 100,
            "value": 100
        },
        "http_req_duration": {
            "avg": 36.31339792018018,
            "min": 0.388,
            "med": 15.195,
            "max": 774.87,
            "p(90)": 92.18070000000002,
            "p(95)": 105.81934999999999,
            "p(99)": 178.41727,
            "thresholds": {
                "p(99)<2000": false
            }
        },
        "http_reqs": {
            "rate": 2162.6797709643392,
            "count": 454174
        },
        "http_req_blocked": {
            "p(99)": 0.003,
            "avg": 0.0008973631251412667,
            "min": 0,
            "med": 0.001,
            "max": 20.683,
            "p(90)": 0.001,
            "p(95)": 0.002
        },
        "http_req_receiving": {
            "p(95)": 0.046,
            "p(99)": 0.067,
            "avg": 0.0153062790912909,
            "min": 0.004,
            "med": 0.011,
            "max": 40.242,
            "p(90)": 0.032
        },
        "data_received": {
            "count": 112397387,
            "rate": 535212.3969539212
        },
        "checks": {
            "passes": 908348,
            "fails": 0,
            "value": 1
        },
        "http_req_tls_handshaking": {
            "min": 0,
            "med": 0,
            "max": 0,
            "p(90)": 0,
            "p(95)": 0,
            "p(99)": 0,
            "avg": 0
        },
        "iteration_duration": {
            "med": 15.2441245,
            "max": 775.089,
            "p(90)": 92.2328458,
            "p(95)": 105.87422114999998,
            "p(99)": 178.46369633999993,
            "avg": 36.36214285144177,
            "min": 0.41575
        }
    },
    "root_group": {
        "checks": {
            "status is 200": {
                "fails": 0,
                "name": "status is 200",
                "path": "::status is 200",
                "id": "6210a8cd14cd70477eba5c5e4cb3fb5f",
                "passes": 454174
            },
            "processed_name present": {
                "name": "processed_name present",
                "path": "::processed_name present",
                "id": "03a22013f2c2759212cd593a9af6b0a0",
                "passes": 454174,
                "fails": 0
            }
        },
        "name": "",
        "path": "",
        "id": "d41d8cd98f00b204e9800998ecf8427e",
        "groups": {}
    }
}