{
    "metrics": {
        "vus_max": {
            "value": 100,
            "min": 100,
            "max": 100
        },
        "iteration_duration": {
            "avg": 115.17198882935217,
            "min": 0.2705,
            "med": 78.669167,
            "max": 1116.518,
            "p(90)": 297.7678166,
            "p(95)": 382.0428372,
            "p(99)": 497.268827
        },
        "http_reqs": {
            "count": 143459,
            "rate": 683.1235707297938
        },
        "data_sent": {
            "count": 18347955,
            "rate": 87369.35664677415
        },
        "http_req_duration": {
            "min": 0.234,
            "med": 78.511,
            "max": 1116.366,
            "p(90)": 297.651,
            "p(95)": 381.8938999999999,
            "p(99)": 497.15804,
            "avg": 115.03618525850601,
            "thresholds": {
                "p(99)<1000": false
            }
        },
        "data_received": {
            "count": 40437866,
            "rate": 192557.172534403
        },
        "http_req_receiving": {
            "p(90)": 0.08,
            "p(95)": 0.092,
            "p(99)": 0.178,
            "avg": 0.04290522727748215,
            "min": 0.004,
            "med": 0.032,
            "max": 8.17
        },
        "http_req_connecting": {
            "p(95)": 0,
            "p(99)": 0,
            "avg": 0.0005401194766448951,
            "min": 0,
            "med": 0,
            "max": 14.447,
            "p(90)": 0
        },
        "vus": {
            "value": 1,
            "min": 1,
            "max": 100
        },
        "checks": {
            "fails": 74,
            "passes": 286844,
            "value": 0.9997420865891997
        },
        "iterations": {
            "count": 143459,
            "rate": 683.1235707297938
        },
        "http_req_duration{expected_response:true}": {
            "min": 0.234,
            "med": 78.535,
            "max": 1116.366,
            "p(90)": 297.6698,
            "p(95)": 381.90864999999997,
            "p(99)": 497.16248,
            "avg": 115.05006017207967
        },
        "http_req_sending": {
            "med": 0.01,
            "max": 6.388,
            "p(90)": 0.02,
            "p(95)": 0.023,
            "p(99)": 0.05,
            "avg": 0.012529768087048289,
            "min": 0.001
        },
        "http_req_waiting": {
            "avg": 114.980750263141,
            "min": 0.224,
            "med": 78.453,
            "max": 1116.291,
            "p(90)": 297.59540000000004,
            "p(95)": 381.8182,
            "p(99)": 497.10414
        },
        "http_req_blocked": {
            "max": 14.522,
            "p(90)": 0.004,
            "p(95)": 0.005,
            "p(99)": 0.008,
            "avg": 0.0032498623300025965,
            "min": 0,
            "med": 0.002
        },
        "http_req_tls_handshaking": {
            "med": 0,
            "max": 0,
            "p(90)": 0,
            "p(95)": 0,
            "p(99)": 0,
            "avg": 0,
            "min": 0
        },
        "http_req_failed": {
            "passes": 37,
            "fails": 143422,
            "thresholds": {
                "rate<0.01": false
            },
            "value": 0.00025791341080029837
        }
    },
    "root_group": {
        "name": "",
        "path": "",
        "id": "d41d8cd98f00b204e9800998ecf8427e",
        "groups": {},
        "checks": {
                "status is 200": {
                    "id": "6210a8cd14cd70477eba5c5e4cb3fb5f",
                    "passes": 143422,
                    "fails": 37,
                    "name": "status is 200",
                    "path": "::status is 200"
                },
                "user id is 10": {
                    "name": "user id is 10",
                    "path": "::user id is 10",
                    "id": "2beb7b64808ff39ee6fe91e77ced8a64",
                    "passes": 143422,
                    "fails": 37
                }
            }
    }
}