{
    "root_group": {
        "name": "",
        "path": "",
        "id": "d41d8cd98f00b204e9800998ecf8427e",
        "groups": {},
        "checks": {
                "status is 201": {
                    "path": "::status is 201",
                    "id": "ec8c9afd59577ad0eb26fbf150ecf791",
                    "passes": 110079,
                    "fails": 343,
                    "name": "status is 201"
                },
                "customer id matches": {
                    "passes": 110079,
                    "fails": 343,
                    "name": "customer id matches",
                    "path": "::customer id matches",
                    "id": "f0c0cde98ae16a97035c76c72ddcc3c4"
                }
            }
    },
    "metrics": {
        "http_req_waiting": {
            "p(90)": 312.30750000000006,
            "p(95)": 399.148,
            "p(99)": 521.67716,
            "avg": 149.36017708427642,
            "min": 0.641,
            "med": 120.032,
            "max": 1066.239
        },
        "http_req_failed": {
            "passes": 343,
            "fails": 110079,
            "thresholds": {
                "rate<0.02": false
            },
            "value": 0.0031062650558765464
        },
        "vus_max": {
            "value": 100,
            "min": 100,
            "max": 100
        },
        "checks": {
            "passes": 220158,
            "fails": 686,
            "value": 0.9968937349441235
        },
        "data_received": {
            "count": 43743768,
            "rate": 208299.47627479763
        },
        "http_req_connecting": {
            "min": 0,
            "med": 0,
            "max": 12.598,
            "p(90)": 0,
            "p(95)": 0,
            "p(99)": 0,
            "avg": 0.0008308127003676801
        },
        "http_req_sending": {
            "p(90)": 0.029,
            "p(95)": 0.033,
            "p(99)": 0.073,
            "avg": 0.01898693195196234,
            "min": 0.002,
            "med": 0.016,
            "max": 4.067
        },
        "iteration_duration": {
            "min": 0.701958,
            "med": 120.324292,
            "max": 1066.40825,
            "p(90)": 312.5819878,
            "p(95)": 399.41065,
            "p(99)": 521.9139867499999,
            "avg": 149.62207752957718
        },
        "http_req_duration": {
            "min": 0.66,
            "med": 120.104,
            "max": 1066.277,
            "p(90)": 312.3673,
            "p(95)": 399.21385,
            "p(99)": 521.76254,
            "avg": 149.4297459201966,
            "thresholds": {
                "p(99)<3000": false
            }
        },
        "iterations": {
            "count": 110422,
            "rate": 525.8084938914203
        },
        "vus": {
            "value": 1,
            "min": 1,
            "max": 100
        },
        "http_reqs": {
            "count": 110422,
            "rate": 525.8084938914203
        },
        "http_req_blocked": {
            "min": 0,
            "med": 0.002,
            "max": 12.722,
            "p(90)": 0.005,
            "p(95)": 0.005,
            "p(99)": 0.011,
            "avg": 0.004053232145767437
        },
        "data_sent": {
            "count": 41169672,
            "rate": 196042.12229740247
        },
        "http_req_duration{expected_response:true}": {
            "avg": 149.77093567347043,
            "min": 0.66,
            "med": 120.706,
            "max": 1066.277,
            "p(90)": 312.625,
            "p(95)": 399.45289999999994,
            "p(99)": 521.89506
        },
        "http_req_tls_handshaking": {
            "med": 0,
            "max": 0,
            "p(90)": 0,
            "p(95)": 0,
            "p(99)": 0,
            "avg": 0,
            "min": 0
        },
        "http_req_receiving": {
            "p(90)": 0.085,
            "p(95)": 0.101,
            "p(99)": 0.194,
            "avg": 0.05058190396841408,
            "min": 0.005,
            "med": 0.037,
            "max": 10.202
        }
    }
}