{
    "metrics": {
        "iteration_duration": {
            "p(95)": 9.318083,
            "p(99)": 16.18987666,
            "avg": 4.926744888899374,
            "min": 0.165541,
            "med": 4.773166,
            "max": 98.131625,
            "p(90)": 7.759833
        },
        "vus": {
            "value": 1,
            "min": 1,
            "max": 100
        },
        "http_req_connecting": {
            "p(90)": 0,
            "p(95)": 0,
            "p(99)": 0,
            "avg": 0.00001612419094563973,
            "min": 0,
            "med": 0,
            "max": 9.952
        },
        "checks": {
            "passes": 6696398,
            "fails": 0,
            "value": 1
        },
        "data_sent": {
            "count": 480125903,
            "rate": 2286311.8858880205
        },
        "http_req_tls_handshaking": {
            "max": 0,
            "p(90)": 0,
            "p(95)": 0,
            "p(99)": 0,
            "avg": 0,
            "min": 0,
            "med": 0
        },
        "http_reqs": {
            "count": 3348199,
            "rate": 15943.791247643609
        },
        "data_received": {
            "count": 620750261,
            "rate": 2955951.118289052
        },
        "http_req_waiting": {
            "p(90)": 7.687,
            "p(95)": 9.233,
            "p(99)": 16.051,
            "avg": 4.8591914718926255,
            "min": 0.136,
            "med": 4.708,
            "max": 98.057
        },
        "http_req_receiving": {
            "min": 0.003,
            "med": 0.007,
            "max": 29.187,
            "p(90)": 0.023,
            "p(95)": 0.033,
            "p(99)": 0.078,
            "avg": 0.014274636603195013
        },
        "iterations": {
            "rate": 15943.791247643609,
            "count": 3348199
        },
        "http_req_failed": {
            "passes": 0,
            "fails": 3348199,
            "thresholds": {
                "rate<0.01": false
            },
            "value": 0
        },
        "vus_max": {
            "max": 100,
            "value": 100,
            "min": 100
        },
        "http_req_duration{expected_response:true}": {
            "p(95)": 9.259,
            "p(99)": 16.11201999999997,
            "avg": 4.878649757675548,
            "min": 0.145,
            "med": 4.726,
            "max": 98.078,
            "p(90)": 7.708
        },
        "http_req_sending": {
            "p(99)": 0.036,
            "avg": 0.005183649179967779,
            "min": 0.001,
            "med": 0.002,
            "max": 55.413,
            "p(90)": 0.008,
            "p(95)": 0.012
        },
        "http_req_blocked": {
            "avg": 0.0009770939541182662,
            "min": 0,
            "med": 0.001,
            "max": 10.879,
            "p(90)": 0.002,
            "p(95)": 0.002,
            "p(99)": 0.004
        },
        "http_req_duration": {
            "min": 0.145,
            "med": 4.726,
            "max": 98.078,
            "p(90)": 7.708,
            "p(95)": 9.259,
            "p(99)": 16.11201999999997,
            "avg": 4.878649757675548,
            "thresholds": {
                "p(99)<1000": false
            }
        }
    },
    "root_group": {
        "name": "",
        "path": "",
        "id": "d41d8cd98f00b204e9800998ecf8427e",
        "groups": {},
        "checks": {
                "status is 200": {
                    "name": "status is 200",
                    "path": "::status is 200",
                    "id": "6210a8cd14cd70477eba5c5e4cb3fb5f",
                    "passes": 3348199,
                    "fails": 0
                },
                "body is hello world": {
                    "path": "::body is hello world",
                    "id": "db256fa93e36a4d0f1f90c80dfa61eec",
                    "passes": 3348199,
                    "fails": 0,
                    "name": "body is hello world"
                }
            }
    }
}