{
    "root_group": {
        "groups": {},
        "checks": {
                "status is 200": {
                    "passes": 1465850,
                    "fails": 0,
                    "name": "status is 200",
                    "path": "::status is 200",
                    "id": "6210a8cd14cd70477eba5c5e4cb3fb5f"
                },
                "user id is 10": {
                    "id": "2beb7b64808ff39ee6fe91e77ced8a64",
                    "passes": 1465850,
                    "fails": 0,
                    "name": "user id is 10",
                    "path": "::user id is 10"
                }
            },
        "name": "",
        "path": "",
        "id": "d41d8cd98f00b204e9800998ecf8427e"
    },
    "metrics": {
        "http_req_sending": {
            "p(90)": 0.008,
            "p(95)": 0.013,
            "p(99)": 0.022,
            "avg": 0.004432896271814344,
            "min": 0.001,
            "med": 0.003,
            "max": 33.648
        },
        "data_received": {
            "count": 416283159,
            "rate": 1982272.703264409
        },
        "data_sent": {
            "count": 189076409,
            "rate": 900351.110269049
        },
        "http_req_failed": {
            "passes": 0,
            "fails": 1465850,
            "thresholds": {
                "rate<0.01": false
            },
            "value": 0
        },
        "http_reqs": {
            "count": 1465850,
            "rate": 6980.139309647485
        },
        "vus": {
            "value": 1,
            "min": 1,
            "max": 100
        },
        "vus_max": {
            "max": 100,
            "value": 100,
            "min": 100
        },
        "http_req_duration{expected_response:true}": {
            "med": 7.767,
            "max": 172.064,
            "p(90)": 24.307,
            "p(95)": 42.494,
            "p(99)": 60.15450999999999,
            "avg": 11.212083264317242,
            "min": 0.237
        },
        "http_req_blocked": {
            "avg": 0.0009095064297058455,
            "min": 0,
            "med": 0.001,
            "max": 24.609,
            "p(90)": 0.002,
            "p(95)": 0.003,
            "p(99)": 0.004
        },
        "iteration_duration": {
            "p(90)": 24.359220200000017,
            "p(95)": 42.54605394999999,
            "p(99)": 60.203627499999996,
            "avg": 11.262380389147667,
            "min": 0.263208,
            "med": 7.815375,
            "max": 172.150875
        },
        "http_req_duration": {
            "p(95)": 42.494,
            "p(99)": 60.15450999999999,
            "avg": 11.212083264317242,
            "min": 0.237,
            "med": 7.767,
            "max": 172.064,
            "p(90)": 24.307,
            "thresholds": {
                "p(99)<1000": false
            }
        },
        "http_req_tls_handshaking": {
            "p(99)": 0,
            "avg": 0,
            "min": 0,
            "med": 0,
            "max": 0,
            "p(90)": 0,
            "p(95)": 0
        },
        "checks": {
            "passes": 2931700,
            "fails": 0,
            "value": 1
        },
        "http_req_connecting": {
            "avg": 0.0000678070743936965,
            "min": 0,
            "med": 0,
            "max": 24.571,
            "p(90)": 0,
            "p(95)": 0,
            "p(99)": 0
        },
        "iterations": {
            "count": 1465850,
            "rate": 6980.139309647485
        },
        "http_req_receiving": {
            "p(95)": 0.039,
            "p(99)": 0.059,
            "avg": 0.013084688747115481,
            "min": 0.004,
            "med": 0.008,
            "max": 18.251,
            "p(90)": 0.026
        },
        "http_req_waiting": {
            "med": 7.75,
            "max": 172.019,
            "p(90)": 24.289,
            "p(95)": 42.473,
            "p(99)": 60.132,
            "avg": 11.194565679298659,
            "min": 0.226
        }
    }
}