{
    "root_group": {
        "path": "",
        "id": "d41d8cd98f00b204e9800998ecf8427e",
        "groups": {},
        "checks": {
                "status is 200": {
                    "fails": 0,
                    "name": "status is 200",
                    "path": "::status is 200",
                    "id": "6210a8cd14cd70477eba5c5e4cb3fb5f",
                    "passes": 315587
                },
                "processed_name present": {
                    "path": "::processed_name present",
                    "id": "03a22013f2c2759212cd593a9af6b0a0",
                    "passes": 315587,
                    "fails": 0,
                    "name": "processed_name present"
                }
            },
        "name": ""
    },
    "metrics": {
        "http_req_duration": {
            "max": 800.072,
            "p(90)": 102.6864,
            "p(95)": 112.699,
            "p(99)": 197.4957,
            "avg": 52.27841536881966,
            "min": 0.6,
            "med": 20.285,
            "thresholds": {
                "p(99)<2000": false
            }
        },
        "http_reqs": {
            "rate": 1502.771057793313,
            "count": 315587
        },
        "data_received": {
            "count": 70807473,
            "rate": 337173.0175827314
        },
        "http_req_duration{expected_response:true}": {
            "p(90)": 102.6864,
            "p(95)": 112.699,
            "p(99)": 197.4957,
            "avg": 52.27841536881966,
            "min": 0.6,
            "med": 20.285,
            "max": 800.072
        },
        "http_req_waiting": {
            "p(95)": 112.68169999999999,
            "p(99)": 197.47997999999998,
            "avg": 52.25527401001913,
            "min": 0.589,
            "med": 20.263,
            "max": 800.042,
            "p(90)": 102.665
        },
        "iterations": {
            "count": 315587,
            "rate": 1502.771057793313
        },
        "http_req_tls_handshaking": {
            "p(90)": 0,
            "p(95)": 0,
            "p(99)": 0,
            "avg": 0,
            "min": 0,
            "med": 0,
            "max": 0
        },
        "http_req_connecting": {
            "min": 0,
            "med": 0,
            "max": 16.817,
            "p(90)": 0,
            "p(95)": 0,
            "p(99)": 0,
            "avg": 0.00019173793597328142
        },
        "http_req_blocked": {
            "max": 16.858,
            "p(90)": 0.002,
            "p(95)": 0.003,
            "p(99)": 0.004,
            "avg": 0.001236584523440118,
            "min": 0,
            "med": 0.001
        },
        "checks": {
            "fails": 0,
            "passes": 631174,
            "value": 1
        },
        "vus_max": {
            "value": 100,
            "min": 100,
            "max": 100
        },
        "http_req_sending": {
            "min": 0.002,
            "med": 0.004,
            "max": 3.9,
            "p(90)": 0.012,
            "p(95)": 0.017,
            "p(99)": 0.029,
            "avg": 0.006380950419364496
        },
        "iteration_duration": {
            "p(95)": 112.76070429999996,
            "p(99)": 197.55302838,
            "avg": 52.341422306380856,
            "min": 0.629916,
            "med": 20.36025,
            "max": 800.121,
            "p(90)": 102.7491254
        },
        "vus": {
            "value": 1,
            "min": 1,
            "max": 100
        },
        "http_req_failed": {
            "passes": 0,
            "fails": 315587,
            "thresholds": {
                "rate<0.01": false
            },
            "value": 0
        },
        "http_req_receiving": {
            "med": 0.01,
            "max": 6.779,
            "p(90)": 0.033,
            "p(95)": 0.045,
            "p(99)": 0.083,
            "avg": 0.016760408381834194,
            "min": 0.004
        },
        "data_sent": {
            "rate": 339228.0607065851,
            "count": 71239039
        }
    }
}