{
    "root_group": {
        "name": "",
        "path": "",
        "id": "d41d8cd98f00b204e9800998ecf8427e",
        "groups": {},
        "checks": {
                "status is 200": {
                    "name": "status is 200",
                    "path": "::status is 200",
                    "id": "6210a8cd14cd70477eba5c5e4cb3fb5f",
                    "passes": 2247454,
                    "fails": 0
                },
                "body is hello world": {
                    "name": "body is hello world",
                    "path": "::body is hello world",
                    "id": "db256fa93e36a4d0f1f90c80dfa61eec",
                    "passes": 2247454,
                    "fails": 0
                }
            }
    },
    "metrics": {
        "http_req_receiving": {
            "avg": 0.013362928451680212,
            "min": 0.003,
            "med": 0.007,
            "max": 47.974,
            "p(90)": 0.024,
            "p(95)": 0.034,
            "p(99)": 0.055
        },
        "data_sent": {
            "count": 321965235,
            "rate": 1533145.9858385061
        },
        "http_req_connecting": {
            "p(90)": 0,
            "p(95)": 0,
            "p(99)": 0,
            "avg": 0.00002491797384952039,
            "min": 0,
            "med": 0,
            "max": 11.44
        },
        "http_req_duration{expected_response:true}": {
            "med": 5.541,
            "max": 2590.848,
            "p(90)": 10.626,
            "p(95)": 21.894,
            "p(99)": 45.841,
            "avg": 7.299806924635178,
            "min": 0.186
        },
        "http_req_sending": {
            "avg": 0.004503713090572002,
            "min": 0.001,
            "med": 0.003,
            "max": 21.464,
            "p(90)": 0.008,
            "p(95)": 0.012,
            "p(99)": 0.024
        },
        "iterations": {
            "count": 2247454,
            "rate": 10702.0097323759
        },
        "vus": {
            "value": 1,
            "min": 1,
            "max": 100
        },
        "http_req_tls_handshaking": {
            "avg": 0,
            "min": 0,
            "med": 0,
            "max": 0,
            "p(90)": 0,
            "p(95)": 0,
            "p(99)": 0
        },
        "http_req_waiting": {
            "p(90)": 10.604,
            "p(95)": 21.871,
            "p(99)": 45.818469999999984,
            "avg": 7.281940283093808,
            "min": 0.177,
            "med": 5.525,
            "max": 2590.836
        },
        "checks": {
            "passes": 4494908,
            "fails": 0,
            "value": 1
        },
        "http_req_failed": {
            "passes": 0,
            "fails": 2247454,
            "thresholds": {
                "rate<0.01": false
            },
            "value": 0
        },
        "vus_max": {
            "value": 100,
            "min": 100,
            "max": 100
        },
        "http_reqs": {
            "count": 2247454,
            "rate": 10702.0097323759
        },
        "http_req_blocked": {
            "avg": 0.0008826859192546726,
            "min": 0,
            "med": 0.001,
            "max": 11.476,
            "p(90)": 0.002,
            "p(95)": 0.002,
            "p(99)": 0.004
        },
        "iteration_duration": {
            "avg": 7.343535630397296,
            "min": 0.217833,
            "med": 5.58225,
            "max": 2590.846459,
            "p(90)": 10.679292,
            "p(95)": 21.94956259999996,
            "p(99)": 45.886178999999984
        },
        "data_received": {
            "count": 330955051,
            "rate": 1575954.0247680098
        },
        "http_req_duration": {
            "avg": 7.299806924635178,
            "min": 0.186,
            "med": 5.541,
            "max": 2590.848,
            "p(90)": 10.626,
            "p(95)": 21.894,
            "p(99)": 45.841,
            "thresholds": {
                "p(99)<1000": false
            }
        }
    }
}