{
    "root_group": {
        "name": "",
        "path": "",
        "id": "d41d8cd98f00b204e9800998ecf8427e",
        "groups": {},
        "checks": {
                "status is 200": {
                    "path": "::status is 200",
                    "id": "6210a8cd14cd70477eba5c5e4cb3fb5f",
                    "passes": 81051,
                    "fails": 0,
                    "name": "status is 200"
                },
                "processed_name present": {
                    "name": "processed_name present",
                    "path": "::processed_name present",
                    "id": "03a22013f2c2759212cd593a9af6b0a0",
                    "passes": 81051,
                    "fails": 0
                }
            }
    },
    "metrics": {
        "vus": {
            "value": 1,
            "min": 1,
            "max": 100
        },
        "http_req_duration": {
            "avg": 203.8060072053405,
            "min": 1.397,
            "med": 196.759,
            "max": 1191.904,
            "p(90)": 398.952,
            "p(95)": 492.93399999999997,
            "p(99)": 607.776,
            "thresholds": {
                "p(99)<2000": false
            }
        },
        "iteration_duration": {
            "p(90)": 399.026084,
            "p(95)": 493.000271,
            "p(99)": 607.9023545,
            "avg": 203.88406873718722,
            "min": 1.433542,
            "med": 196.845916,
            "max": 1191.959166
        },
        "http_req_blocked": {
            "max": 46.538,
            "p(90)": 0.002,
            "p(95)": 0.003,
            "p(99)": 0.005,
            "avg": 0.0028774351951260297,
            "min": 0,
            "med": 0.001
        },
        "http_req_sending": {
            "p(95)": 0.02,
            "p(99)": 0.033,
            "avg": 0.008099332519031333,
            "min": 0.002,
            "med": 0.005,
            "max": 1.795,
            "p(90)": 0.016
        },
        "data_sent": {
            "count": 18185644,
            "rate": 86596.75632942849
        },
        "http_req_tls_handshaking": {
            "max": 0,
            "p(90)": 0,
            "p(95)": 0,
            "p(99)": 0,
            "avg": 0,
            "min": 0,
            "med": 0
        },
        "vus_max": {
            "value": 100,
            "min": 100,
            "max": 100
        },
        "http_req_waiting": {
            "max": 1191.876,
            "p(90)": 398.921,
            "p(95)": 492.91599999999994,
            "p(99)": 607.7515,
            "avg": 203.7756755993144,
            "min": 1.382,
            "med": 196.726
        },
        "iterations": {
            "count": 81051,
            "rate": 385.9502416992496
        },
        "http_reqs": {
            "count": 81051,
            "rate": 385.9502416992496
        },
        "http_req_receiving": {
            "min": 0.005,
            "med": 0.014,
            "max": 46.821,
            "p(90)": 0.042,
            "p(95)": 0.056,
            "p(99)": 0.106,
            "avg": 0.022232273506804633
        },
        "checks": {
            "passes": 162102,
            "fails": 0,
            "value": 1
        },
        "http_req_connecting": {
            "avg": 0.000934090881050203,
            "min": 0,
            "med": 0,
            "max": 26.716,
            "p(90)": 0,
            "p(95)": 0,
            "p(99)": 0
        },
        "data_received": {
            "count": 18130016,
            "rate": 86331.8658278277
        },
        "http_req_duration{expected_response:true}": {
            "avg": 203.8060072053405,
            "min": 1.397,
            "med": 196.759,
            "max": 1191.904,
            "p(90)": 398.952,
            "p(95)": 492.93399999999997,
            "p(99)": 607.776
        },
        "http_req_failed": {
            "passes": 0,
            "fails": 81051,
            "thresholds": {
                "rate<0.01": false
            },
            "value": 0
        }
    }
}