{
    "root_group": {
        "checks": {
            "status is 201": {
                "name": "status is 201",
                "path": "::status is 201",
                "id": "ec8c9afd59577ad0eb26fbf150ecf791",
                "passes": 186838,
                "fails": 0
            },
            "customer id matches": {
                "passes": 186838,
                "fails": 0,
                "name": "customer id matches",
                "path": "::customer id matches",
                "id": "f0c0cde98ae16a97035c76c72ddcc3c4"
            }
        },
        "name": "",
        "path": "",
        "id": "d41d8cd98f00b204e9800998ecf8427e",
        "groups": {}
    },
    "metrics": {
        "data_sent": {
            "count": 69774867,
            "rate": 332255.8382545306
        },
        "checks": {
            "passes": 373676,
            "fails": 0,
            "value": 1
        },
        "http_reqs": {
            "count": 186838,
            "rate": 889.6902133514636
        },
        "http_req_duration{expected_response:true}": {
            "p(99)": 203.31496999999996,
            "avg": 88.30971156295864,
            "min": 0.828,
            "med": 99.318,
            "max": 610.057,
            "p(90)": 161.21200000000005,
            "p(95)": 177.36315
        },
        "http_req_failed": {
            "fails": 186838,
            "passes": 0,
            "thresholds": {
                "rate<0.02": false
            },
            "value": 0
        },
        "http_req_connecting": {
            "min": 0,
            "med": 0,
            "max": 6.935,
            "p(90)": 0,
            "p(95)": 0,
            "p(99)": 0,
            "avg": 0.00028369496569220375
        },
        "vus": {
            "max": 100,
            "value": 1,
            "min": 1
        },
        "http_req_duration": {
            "avg": 88.30971156295864,
            "min": 0.828,
            "med": 99.318,
            "max": 610.057,
            "p(90)": 161.21200000000005,
            "p(95)": 177.36315,
            "p(99)": 203.31496999999996,
            "thresholds": {
                "p(99)<3000": false
            }
        },
        "iteration_duration": {
            "min": 0.868083,
            "med": 99.4083335,
            "max": 610.125917,
            "p(90)": 161.31058320000002,
            "p(95)": 177.45458745,
            "p(99)": 203.39486370999998,
            "avg": 88.3980321481655
        },
        "http_req_waiting": {
            "max": 610.032,
            "p(90)": 161.17980000000009,
            "p(95)": 177.337,
            "p(99)": 203.28319,
            "avg": 88.27926611824174,
            "min": 0.814,
            "med": 99.287
        },
        "http_req_sending": {
            "med": 0.007,
            "max": 6.001,
            "p(90)": 0.016,
            "p(95)": 0.023,
            "p(99)": 0.032,
            "avg": 0.008760412764003245,
            "min": 0.002
        },
        "data_received": {
            "rate": 333046.8491291433,
            "count": 69940982
        },
        "iterations": {
            "count": 186838,
            "rate": 889.6902133514636
        },
        "http_req_tls_handshaking": {
            "min": 0,
            "med": 0,
            "max": 0,
            "p(90)": 0,
            "p(95)": 0,
            "p(99)": 0,
            "avg": 0
        },
        "http_req_receiving": {
            "p(99)": 0.081,
            "avg": 0.021685031952816906,
            "min": 0.005,
            "med": 0.015,
            "max": 5.989,
            "p(90)": 0.045,
            "p(95)": 0.054
        },
        "http_req_blocked": {
            "max": 6.978,
            "p(90)": 0.002,
            "p(95)": 0.003,
            "p(99)": 0.005,
            "avg": 0.0016496108928582198,
            "min": 0,
            "med": 0.001
        },
        "vus_max": {
            "value": 100,
            "min": 100,
            "max": 100
        }
    }
}