{
    "root_group": {
        "groups": {},
        "checks": {
                "status is 200": {
                    "passes": 640840,
                    "fails": 0,
                    "name": "status is 200",
                    "path": "::status is 200",
                    "id": "6210a8cd14cd70477eba5c5e4cb3fb5f"
                },
                "user id is 10": {
                    "name": "user id is 10",
                    "path": "::user id is 10",
                    "id": "2beb7b64808ff39ee6fe91e77ced8a64",
                    "passes": 640840,
                    "fails": 0
                }
            },
        "name": "",
        "path": "",
        "id": "d41d8cd98f00b204e9800998ecf8427e"
    },
    "metrics": {
        "checks": {
            "passes": 1281680,
            "fails": 0,
            "value": 1
        },
        "data_sent": {
            "count": 82407782,
            "rate": 392413.0202725518
        },
        "http_reqs": {
            "count": 640840,
            "rate": 3051.5802489558823
        },
        "http_req_duration": {
            "p(95)": 84.006,
            "p(99)": 99.30161,
            "avg": 25.717152179951487,
            "min": 0.34,
            "med": 9.844,
            "max": 629.057,
            "p(90)": 77.604,
            "thresholds": {
                "p(99)<1000": false
            }
        },
        "http_req_blocked": {
            "p(95)": 0.002,
            "p(99)": 0.003,
            "avg": 0.0009686754884137896,
            "min": 0,
            "med": 0.001,
            "max": 22.389,
            "p(90)": 0.002
        },
        "http_req_waiting": {
            "p(90)": 77.585,
            "p(95)": 83.985,
            "p(99)": 99.28182999999999,
            "avg": 25.698704455091097,
            "min": 0.33,
            "med": 9.825,
            "max": 629.04
        },
        "http_req_sending": {
            "p(90)": 0.007,
            "p(95)": 0.012,
            "p(99)": 0.02,
            "avg": 0.004375051494907494,
            "min": 0.001,
            "med": 0.003,
            "max": 7.879
        },
        "iterations": {
            "count": 640840,
            "rate": 3051.5802489558823
        },
        "vus": {
            "value": 1,
            "min": 1,
            "max": 100
        },
        "vus_max": {
            "min": 100,
            "max": 100,
            "value": 100
        },
        "http_req_tls_handshaking": {
            "p(99)": 0,
            "avg": 0,
            "min": 0,
            "med": 0,
            "max": 0,
            "p(90)": 0,
            "p(95)": 0
        },
        "data_received": {
            "count": 166357822,
            "rate": 792170.0328857724
        },
        "iteration_duration": {
            "min": 0.364292,
            "med": 9.8931665,
            "max": 629.125417,
            "p(90)": 77.65550830000001,
            "p(95)": 84.0559191,
            "p(99)": 99.35304762999998,
            "avg": 25.767033954835668
        },
        "http_req_duration{expected_response:true}": {
            "min": 0.34,
            "med": 9.844,
            "max": 629.057,
            "p(90)": 77.604,
            "p(95)": 84.006,
            "p(99)": 99.30161,
            "avg": 25.717152179951487
        },
        "http_req_failed": {
            "passes": 0,
            "fails": 640840,
            "thresholds": {
                "rate<0.01": false
            },
            "value": 0
        },
        "http_req_connecting": {
            "p(99)": 0,
            "avg": 0.0001291461207165595,
            "min": 0,
            "med": 0,
            "max": 22.329,
            "p(90)": 0,
            "p(95)": 0
        },
        "http_req_receiving": {
            "med": 0.009,
            "max": 17.759,
            "p(90)": 0.026,
            "p(95)": 0.04,
            "p(99)": 0.068,
            "avg": 0.014072673366183213,
            "min": 0.004
        }
    }
}